"","index","name","lon","lat","popular_times","time_spent","current_popularity","filled","peak","sun0","sun1","sun2","sun3","sun4","sun5","sun6","sun7","sun8","sun9","sun10","sun11","sun12","sun13","sun14","sun15","sun16","sun17","sun18","sun19","sun20","sun21","sun22","sun23","mon0","mon1","mon2","mon3","mon4","mon5","mon6","mon7","mon8","mon9","mon10","mon11","mon12","mon13","mon14","mon15","mon16","mon17","mon18","mon19","mon20","mon21","mon22","mon23","tue0","tue1","tue2","tue3","tue4","tue5","tue6","tue7","tue8","tue9","tue10","tue11","tue12","tue13","tue14","tue15","tue16","tue17","tue18","tue19","tue20","tue21","tue22","tue23","wed0","wed1","wed2","wed3","wed4","wed5","wed6","wed7","wed8","wed9","wed10","wed11","wed12","wed13","wed14","wed15","wed16","wed17","wed18","wed19","wed20","wed21","wed22","wed23","thu0","thu1","thu2","thu3","thu4","thu5","thu6","thu7","thu8","thu9","thu10","thu11","thu12","thu13","thu14","thu15","thu16","thu17","thu18","thu19","thu20","thu21","thu22","thu23","fri0","fri1","fri2","fri3","fri4","fri5","fri6","fri7","fri8","fri9","fri10","fri11","fri12","fri13","fri14","fri15","fri16","fri17","fri18","fri19","fri20","fri21","fri22","fri23","sat0","sat1","sat2","sat3","sat4","sat5","sat6","sat7","sat8","sat9","sat10","sat11","sat12","sat13","sat14","sat15","sat16","sat17","sat18","sat19","sat20","sat21","sat22","sat23"
"1",1,"Bedok North Street 4 Blk 85 (85 Fengshan Centre)",1.33199369902375,103.936546150918,0,"People typically spend 30 min to 1 hr here",100,0,8,0,0,0,0,0,0,17,53,93,100,71,42,31,23,13,6,6,13,20,22,18,11,4,0,0,0,0,0,0,0,10,28,38,29,19,18,18,13,6,2,3,7,12,14,12,8,3,0,0,0,0,0,0,0,17,40,54,46,30,24,23,17,9,4,5,9,14,16,13,8,2,0,0,0,0,0,0,0,18,41,55,46,30,24,25,20,10,4,5,9,14,16,14,10,4,0,0,0,0,0,0,0,16,42,58,49,32,29,28,20,9,4,5,9,14,16,14,10,4,0,0,0,0,0,0,0,20,45,58,47,32,26,21,14,7,3,4,8,14,18,17,12,6,0,1,1,1,1,1,4,24,58,86,83,56,34,25,17,9,5,9,16,22,25,23,16,8,2
"2",2,"Redhill Lane Blk 85 (Redhill Food Centre)",1.28729399905648,103.815988850918,0,"People typically spend 30 min to 1 hr here",75,0,12,0,0,0,0,0,0,0,0,56,94,100,93,94,71,36,20,20,24,27,26,22,0,0,0,0,0,0,0,0,0,0,0,31,46,45,48,77,61,20,10,15,22,26,26,22,0,0,0,0,0,0,0,0,0,0,27,52,57,50,67,85,62,25,10,13,20,26,28,25,0,0,0,0,0,0,0,0,0,0,0,32,53,51,62,93,71,26,14,20,28,33,33,27,0,0,0,0,0,0,0,0,0,0,0,40,58,56,62,90,71,26,13,19,28,33,32,24,0,0,0,0,0,0,0,0,0,0,0,34,51,48,61,81,62,25,10,14,23,32,35,30,0,0,0,0,0,0,0,0,0,0,0,45,74,80,75,74,60,33,18,20,26,31,32,28,0,0,0
"3",3,"Sembawang Hills Food Centre (Jalan Leban Food Centre)",1.37228829899424,103.826813450918,0,"People typically spend 20-45 min here",67,0,12,0,0,0,0,0,0,22,48,76,92,95,93,86,71,51,36,28,23,19,14,10,0,0,0,0,0,0,0,0,0,13,38,59,54,50,67,77,59,37,27,24,21,18,14,10,0,0,0,0,0,0,0,0,0,16,46,69,61,52,70,85,67,43,32,28,24,20,15,10,0,0,0,0,0,0,0,0,0,19,45,68,73,66,77,94,75,46,33,29,26,21,16,11,0,0,0,0,0,0,0,0,0,19,48,73,68,57,74,95,77,49,38,33,29,24,18,13,0,0,0,0,0,0,0,0,0,18,49,72,65,56,73,91,78,52,37,32,28,24,19,14,0,0,0,0,0,0,0,0,0,24,59,91,98,95,100,99,83,62,48,41,36,29,22,15,0,0,0
"4",4,"Serangoon Garden Market",1.36325699900085,103.864378350918,0,"People typically spend 20 min to 1 hr here",82,0,12,0,0,0,0,0,0,20,47,74,89,95,99,100,85,60,40,35,40,43,38,26,0,0,0,0,0,0,0,0,0,11,24,35,39,38,44,53,50,34,21,18,19,20,17,13,0,0,0,0,0,0,0,0,0,20,44,62,63,64,74,82,70,45,26,22,25,29,27,20,0,0,0,0,0,0,0,0,0,19,37,50,56,64,77,85,75,52,33,27,29,30,27,20,0,0,0,0,0,0,0,0,0,27,49,64,68,71,80,85,75,53,34,27,28,31,30,23,0,0,0,0,0,0,0,0,0,21,50,70,68,65,77,88,77,51,32,28,31,35,33,27,0,0,0,0,0,0,0,0,0,24,57,87,95,90,90,95,89,67,45,35,35,39,38,31,0,0,0
"5",5,"Shunfu Road Blk 320 (Shunfu Mart)",1.35205229900905,103.834944300918,0,"0",0,0,-1,-1,-1,-1,-1,-1,-1,-1,-1,-1,-1,-1,-1,-1,-1,-1,-1,-1,-1,-1,-1,-1,-1,-1,-1,-1,-1,-1,-1,-1,-1,-1,-1,-1,-1,-1,-1,-1,-1,-1,-1,-1,-1,-1,-1,-1,-1,-1,-1,-1,-1,-1,-1,-1,-1,-1,-1,-1,-1,-1,-1,-1,-1,-1,-1,-1,-1,-1,-1,-1,-1,-1,-1,-1,-1,-1,-1,-1,-1,-1,-1,-1,-1,-1,-1,-1,-1,-1,-1,-1,-1,-1,-1,-1,-1,-1,-1,-1,-1,-1,-1,-1,-1,-1,-1,-1,-1,-1,-1,-1,-1,-1,-1,-1,-1,-1,-1,-1,-1,-1,-1,-1,-1,-1,-1,-1,-1,-1,-1,-1,-1,-1,-1,-1,-1,-1,-1,-1,-1,-1,-1,-1,-1,-1,-1,-1,-1,-1,-1,-1,-1,-1,-1,-1,-1,-1,-1,-1,-1,-1,-1,-1,-1,-1,-1,-1,-1,-1,-1
"6",6,"Sims Place Blk 49 (Sims Vista Market and Food Centre)",1.3170398990347,103.877170150918,0,"People typically spend 25 min to 1 hr here",69,0,12,0,0,0,0,0,0,13,35,64,82,83,77,74,64,43,21,0,0,0,0,0,0,0,0,0,0,0,0,0,0,15,34,48,46,39,58,87,66,28,13,0,0,0,0,0,0,0,0,0,0,0,0,0,0,15,40,57,47,41,65,85,66,32,14,0,0,0,0,0,0,0,0,0,0,0,0,0,0,17,40,58,58,53,74,100,77,35,16,0,0,0,0,0,0,0,0,0,0,0,0,0,0,0,0,0,0,0,0,0,0,0,0,0,0,0,0,0,0,0,0,0,0,0,0,0,0,19,45,62,56,48,68,89,71,36,17,0,0,0,0,0,0,0,0,0,0,0,0,0,0,14,34,58,70,70,69,69,57,36,19,0,0,0,0,0,0,0,0
"7",7,"Smith Street Blk 335 (Chinatown Complex Market)",1.28258629905993,103.840898250918,0,"0",0,0,12,0,0,0,0,0,0,0,0,0,0,0,0,96,94,89,85,81,76,66,0,0,0,0,0,0,0,0,0,0,0,0,0,0,0,0,0,61,61,55,49,47,46,45,0,0,0,0,0,0,0,0,0,0,0,0,0,0,0,0,0,80,75,64,56,53,53,51,0,0,0,0,0,0,0,0,0,0,0,0,0,0,0,0,0,76,72,63,56,53,53,50,0,0,0,0,0,0,0,0,0,0,0,0,0,0,0,0,0,89,83,69,59,56,57,55,0,0,0,0,0,0,0,0,0,0,0,0,0,0,0,0,0,86,80,67,58,56,60,62,0,0,0,0,0,0,0,0,0,0,0,0,0,0,0,0,0,100,97,92,88,89,91,88,0,0,0,0,0
"8",8,"Taman Jurong Market and Food Centre",1.33466049902179,103.719358350918,0,"People typically spend 25 min to 1 hr here",0,0,12,0,0,0,0,0,0,0,0,0,0,0,96,86,64,0,0,0,0,70,71,53,0,0,0,0,0,0,0,0,0,0,0,0,0,0,0,0,0,0,0,0,0,0,0,0,0,0,0,0,0,0,0,0,0,0,0,0,0,0,64,81,55,0,0,0,0,49,50,41,0,0,0,0,0,0,0,0,0,0,0,0,0,0,73,98,67,0,0,0,0,60,60,46,0,0,0,0,0,0,0,0,0,0,0,0,0,0,76,100,66,0,0,0,0,57,58,48,0,0,0,0,0,0,0,0,0,0,0,0,0,0,70,92,73,0,0,0,0,66,69,55,0,0,0,0,0,0,0,0,0,0,0,0,0,0,84,81,61,0,0,0,0,66,70,59,0,0,0
"9",9,"Tampines Street 11 Blk 137 (Tampines Round Market and Food Centre)",1.3458570990136,103.942483850918,0,"People typically spend 30 min to 1 hr here",94,0,8,0,0,0,0,0,0,29,61,90,100,93,81,63,39,19,0,0,0,0,0,0,0,0,0,0,0,0,0,0,0,13,26,34,31,27,29,28,18,8,0,0,0,0,0,0,0,0,0,0,0,0,0,0,0,19,40,54,50,42,43,41,25,10,0,0,0,0,0,0,0,0,0,0,0,0,0,0,0,19,39,53,51,42,42,42,26,11,0,0,0,0,0,0,0,0,0,0,0,0,0,0,0,22,47,65,61,48,48,47,30,12,0,0,0,0,0,0,0,0,0,0,0,0,0,0,0,25,52,68,61,52,49,42,26,11,0,0,0,0,0,0,0,0,0,0,0,0,0,0,0,35,66,88,89,78,68,55,36,18,0,0,0,0,0,0,0,0,0
"10",10,"Tanglin Halt Market",1.30078649904661,103.795845750918,0,"People typically spend 20-45 min here",86,0,11,0,0,0,0,0,0,25,54,83,100,99,87,71,51,32,20,18,21,25,27,26,22,0,0,0,0,0,0,0,0,22,39,46,42,42,56,65,53,29,15,13,18,23,26,25,22,0,0,0,0,0,0,0,0,33,59,71,67,64,68,66,51,30,18,17,23,31,37,37,33,0,0,0,0,0,0,0,0,34,58,68,65,67,75,74,56,33,18,16,22,29,33,33,28,0,0,0,0,0,0,0,0,30,55,66,62,60,69,73,58,34,20,18,25,32,36,35,29,0,0,0,0,0,0,0,0,28,54,67,62,57,64,69,53,29,16,16,22,30,34,35,32,0,0,0,0,0,0,0,0,30,62,89,98,90,78,68,56,41,28,22,24,30,35,37,35,0,0
"11",11,"Tanjong Pagar Plaza Blk 6 (Blk 6 Tanjong Pagar Plaza Market and Food Centre)",1.27656389906435,103.840914250918,0,"People typically spend 30 min here",26,0,12,0,0,0,0,0,0,2,9,19,30,36,38,35,27,17,9,5,3,3,2,0,0,0,0,0,0,0,0,0,0,0,0,31,37,35,53,88,69,27,13,10,9,7,5,0,0,0,0,0,0,0,0,0,0,0,0,31,38,37,57,92,66,24,12,10,9,7,5,0,0,0,0,0,0,0,0,0,0,0,0,30,35,33,55,94,70,27,13,11,9,7,5,0,0,0,0,0,0,0,0,0,0,0,0,30,37,36,55,100,69,23,14,12,10,8,5,0,0,0,0,0,0,0,0,0,0,0,0,29,32,31,52,83,62,26,13,11,9,8,6,0,0,0,0,0,0,0,0,0,0,0,0,22,36,44,45,44,38,26,15,8,5,3,2,0,0,0,0
"12",12,"Teban Gardens Road Blk 37A (Teban Gardens Market and Food Centre)",1.32082329903193,103.740599950918,0,"People typically spend 30 min here",85,0,8,0,0,0,0,0,0,37,70,94,100,91,78,62,46,36,32,33,33,30,24,18,0,0,0,0,0,0,0,0,0,36,53,56,45,38,46,50,38,23,19,20,20,19,16,12,0,0,0,0,0,0,0,0,0,41,64,70,57,49,52,52,39,26,21,23,24,23,19,15,0,0,0,0,0,0,0,0,0,41,63,69,60,54,64,68,49,30,25,27,29,28,24,18,0,0,0,0,0,0,0,0,0,41,66,74,60,50,59,64,48,29,23,24,26,26,22,17,0,0,0,0,0,0,0,0,0,44,68,71,57,50,58,59,43,27,21,23,25,24,21,16,0,0,0,0,0,0,0,0,0,48,80,92,81,69,66,60,47,36,34,36,38,36,30,22,0,0,0
"13",13,"Telok Blangah Crescent Blk 11 (11 Telok Blangah Crescent Market and Food Centre)",1.27747559906368,103.816479650918,0,"People typically spend 20 min to 1 hr here",30,0,8,0,0,0,0,0,0,25,56,86,100,95,82,65,44,26,17,16,17,17,14,10,5,1,0,0,0,0,0,0,0,16,32,44,42,35,41,55,45,21,10,12,14,16,15,12,7,3,0,0,0,0,0,0,0,20,31,38,38,38,41,41,33,19,10,8,10,11,11,9,6,3,0,0,0,0,0,0,0,18,36,48,48,41,46,58,42,17,10,11,12,12,10,8,5,2,0,0,0,0,0,0,0,22,40,51,49,46,52,55,41,22,13,12,13,13,12,10,7,4,0,0,0,0,0,0,0,26,50,69,68,56,58,74,62,30,14,14,15,16,15,12,9,6,0,0,0,0,0,0,0,35,64,88,95,88,76,63,48,34,23,19,18,19,17,14,9,4,0
"14",14,"Telok Blangah Drive Blk 79 (Telok Blangah Food Centre)",1.27342419906665,103.805444550918,0,"People typically spend 30 min here",70,0,8,0,0,0,0,0,0,28,58,86,100,99,90,75,54,32,17,9,5,4,0,0,0,0,0,0,0,0,0,0,0,22,43,56,52,44,52,62,44,20,10,8,6,4,0,0,0,0,0,0,0,0,0,0,0,28,64,88,75,57,73,90,64,29,16,12,9,7,0,0,0,0,0,0,0,0,0,0,0,23,58,86,80,63,74,88,64,30,15,10,8,5,0,0,0,0,0,0,0,0,0,0,0,28,59,82,80,67,76,86,57,25,14,11,9,7,0,0,0,0,0,0,0,0,0,0,0,0,0,0,0,0,0,0,0,0,0,0,0,0,0,0,0,0,0,0,0,0,0,0,0,26,58,87,94,87,81,72,54,34,20,13,10,7,0,0,0,0,0
"15",15,"Telok Blangah Drive Blk 82 (Telok Blangah Market)",1.27378949906638,103.805554250918,0,"0",0,0,9,0,0,0,0,0,0,0,30,69,95,80,41,15,6,5,6,6,4,3,2,1,0,0,0,0,0,0,0,0,0,0,0,0,2,4,6,4,3,3,3,4,3,3,1,0,0,0,0,0,0,0,0,0,0,0,21,55,52,27,20,13,5,3,3,5,5,4,3,1,0,0,0,0,0,0,0,0,0,0,13,33,41,27,13,8,5,3,2,3,5,6,6,4,0,0,0,0,0,0,0,0,0,0,12,40,58,42,23,15,10,6,3,4,9,10,5,1,0,0,0,0,0,0,0,0,0,0,13,46,52,37,26,13,8,9,10,9,7,4,2,1,0,0,0,0,0,0,0,0,0,0,42,84,100,69,29,9,4,4,5,5,4,4,3,1,0,0,0
"16",16,"Telok Blangah Rise Blk 36 (Telok Blangah Rise Market)",1.27246339906735,103.819735850918,0,"People typically spend 20-45 min here",66,0,12,0,0,0,0,0,0,27,47,68,85,94,92,80,63,49,41,39,40,39,34,25,14,0,0,0,0,0,0,0,0,7,19,33,48,63,75,74,59,40,26,20,21,23,22,18,12,0,0,0,0,0,0,0,0,13,27,39,48,61,82,94,77,48,29,23,20,18,14,9,5,0,0,0,0,0,0,0,0,22,31,38,46,61,80,86,69,42,23,20,26,33,33,26,15,0,0,0,0,0,0,0,0,22,36,45,49,59,85,100,78,42,25,27,35,39,36,28,17,0,0,0,0,0,0,0,0,20,32,43,56,73,90,94,78,53,34,28,31,34,33,26,16,0,0,0,0,0,0,0,0,27,47,66,82,92,94,89,75,58,46,42,46,51,49,39,25,0,0
"17",17,"Tiong Bahru Market",1.2848219,103.83251715,0,"0",0,0,-1,-1,-1,-1,-1,-1,-1,-1,-1,-1,-1,-1,-1,-1,-1,-1,-1,-1,-1,-1,-1,-1,-1,-1,-1,-1,-1,-1,-1,-1,-1,-1,-1,-1,-1,-1,-1,-1,-1,-1,-1,-1,-1,-1,-1,-1,-1,-1,-1,-1,-1,-1,-1,-1,-1,-1,-1,-1,-1,-1,-1,-1,-1,-1,-1,-1,-1,-1,-1,-1,-1,-1,-1,-1,-1,-1,-1,-1,-1,-1,-1,-1,-1,-1,-1,-1,-1,-1,-1,-1,-1,-1,-1,-1,-1,-1,-1,-1,-1,-1,-1,-1,-1,-1,-1,-1,-1,-1,-1,-1,-1,-1,-1,-1,-1,-1,-1,-1,-1,-1,-1,-1,-1,-1,-1,-1,-1,-1,-1,-1,-1,-1,-1,-1,-1,-1,-1,-1,-1,-1,-1,-1,-1,-1,-1,-1,-1,-1,-1,-1,-1,-1,-1,-1,-1,-1,-1,-1,-1,-1,-1,-1,-1,-1,-1,-1,-1,-1,-1
"18",18,"Toa Payoh Lorong 1 Blk 127 (Toa Payoh West Market and Food Court)",1.33813029901925,103.842534050918,0,"People typically spend 25 min to 1 hr here",100,0,8,0,0,0,0,0,0,33,66,93,100,89,75,62,45,27,14,0,0,0,0,0,0,0,0,0,0,0,0,0,0,1,5,8,7,6,9,12,8,2,1,0,0,0,0,0,0,0,0,0,0,0,0,0,0,21,52,73,62,49,58,63,42,18,8,0,0,0,0,0,0,0,0,0,0,0,0,0,0,14,35,48,41,34,42,46,34,17,7,0,0,0,0,0,0,0,0,0,0,0,0,0,0,17,38,49,41,34,42,48,36,18,6,0,0,0,0,0,0,0,0,0,0,0,0,0,0,21,48,64,55,43,45,46,33,16,6,0,0,0,0,0,0,0,0,0,0,0,0,0,0,30,59,81,83,77,70,59,42,24,12,0,0,0,0,0,0,0,0
"19",19,"Toa Payoh Lorong 4 Blk 74 (Toa Payoh Vista Market)",1.33454589902188,103.849808250918,0,"People typically spend 20-45 min here",44,0,8,0,0,0,0,0,0,33,68,96,100,80,54,34,19,10,5,0,0,0,0,0,0,0,0,0,0,0,0,0,0,15,24,27,23,17,15,12,8,3,1,0,0,0,0,0,0,0,0,0,0,0,0,0,0,24,43,54,52,42,32,23,15,7,3,0,0,0,0,0,0,0,0,0,0,0,0,0,0,21,42,54,50,38,30,23,14,7,3,0,0,0,0,0,0,0,0,0,0,0,0,0,0,23,45,57,51,39,30,23,14,6,3,0,0,0,0,0,0,0,0,0,0,0,0,0,0,23,43,53,48,34,24,18,13,8,4,0,0,0,0,0,0,0,0,0,0,0,0,0,0,32,60,84,88,72,50,32,20,11,5,0,0,0,0,0,0,0,0
"20",20,"Toa Payoh Lorong 4 Blk 93",1.33850589901898,103.847440750918,0,"People typically spend 25 min to 1 hr here",100,0,8,0,0,0,0,0,0,25,53,83,100,96,80,58,34,16,9,14,24,34,35,27,15,6,0,0,0,0,0,0,0,0,0,0,0,0,0,0,0,0,0,0,0,0,0,0,0,0,0,0,0,0,0,0,0,28,58,77,67,50,59,71,44,14,7,11,18,22,23,19,13,7,0,0,0,0,0,0,0,31,58,71,58,46,56,65,44,17,7,10,16,21,22,19,14,7,0,0,0,0,0,0,0,31,65,82,67,46,58,70,43,14,6,9,12,13,13,10,7,4,0,0,0,0,0,0,0,26,51,62,51,41,50,55,34,11,5,9,18,27,30,27,18,9,0,0,0,0,0,0,0,25,55,84,92,81,67,53,35,17,11,16,25,32,32,25,16,7,0
"21",21,"Toa Payoh Lorong 5 Blk 75",1.33604549902078,103.850797550918,0,"People typically spend 20 min to 1 hr here",0,0,20,0,0,0,0,0,0,0,0,0,0,0,0,0,0,0,27,37,54,76,91,88,68,43,23,0,0,0,0,0,0,0,0,0,0,0,0,0,0,0,10,14,26,44,60,66,57,40,22,0,0,0,0,0,0,0,0,0,0,0,0,0,0,0,15,26,44,64,77,78,67,49,30,0,0,0,0,0,0,0,0,0,0,0,0,0,0,0,14,25,46,70,87,89,75,52,30,0,0,0,0,0,0,0,0,0,0,0,0,0,0,0,16,27,50,75,93,94,77,52,28,0,0,0,0,0,0,0,0,0,0,0,0,0,0,0,24,31,51,76,95,97,82,57,32,0,0,0,0,0,0,0,0,0,0,0,0,0,0,0,29,39,56,78,96,100,85,59,35
"22",22,"Toa Payoh Lorong 7 Blk 22 (Kim Keat Palm Market and Food Centre)",1.33523099902138,103.854832950918,0,"People typically spend 20 min to 1 hr here",100,0,12,0,0,0,0,0,0,21,42,67,89,100,95,80,61,48,42,42,43,41,35,26,0,0,0,0,0,0,0,0,0,17,28,37,43,52,63,64,49,32,25,28,34,36,32,24,0,0,0,0,0,0,0,0,0,20,37,47,50,54,63,66,54,36,26,26,31,33,31,24,0,0,0,0,0,0,0,0,0,21,38,49,51,56,67,70,57,38,29,30,33,34,31,24,0,0,0,0,0,0,0,0,0,21,42,56,57,54,63,73,61,38,30,31,34,34,30,24,0,0,0,0,0,0,0,0,0,22,40,52,53,51,59,67,55,34,25,27,30,31,28,23,0,0,0,0,0,0,0,0,0,23,44,66,82,89,85,73,58,45,38,37,37,35,31,24,0,0,0
"23",23,"Toa Payoh Lorong 8 Blk 210",1.34026449901769,103.852227550918,0,"People typically spend 30 min to 1 hr here",87,0,13,0,0,0,0,0,0,0,0,0,0,0,0,89,100,69,51,56,66,69,65,53,0,0,0,0,0,0,0,0,0,0,0,0,0,0,0,72,72,37,27,35,44,51,52,47,0,0,0,0,0,0,0,0,0,0,0,0,0,0,0,0,0,0,0,0,0,0,0,0,0,0,0,0,0,0,0,0,0,0,0,0,0,0,0,63,75,47,31,37,50,60,62,57,0,0,0,0,0,0,0,0,0,0,0,0,0,0,0,68,78,46,33,44,57,65,66,59,0,0,0,0,0,0,0,0,0,0,0,0,0,0,0,69,76,42,32,42,55,64,65,59,0,0,0,0,0,0,0,0,0,0,0,0,0,0,0,73,90,66,51,59,72,78,76,66,0,0,0
"24",24,"Upper Boon Keng Road Blk 17 (Blk 17 Upper Boon Keng Market and Food Centre)",1.31487709903629,103.869662550918,0,"People typically spend 20-45 min here",72,0,11,0,0,0,0,0,0,0,44,71,92,100,94,81,69,59,52,47,41,35,0,0,0,0,0,0,0,0,0,0,0,0,36,49,52,51,64,77,59,35,29,28,27,25,0,0,0,0,0,0,0,0,0,0,0,0,46,59,58,57,70,79,62,40,30,28,26,24,0,0,0,0,0,0,0,0,0,0,0,0,48,67,69,67,80,92,74,49,39,38,38,35,0,0,0,0,0,0,0,0,0,0,0,0,50,65,64,66,83,92,72,47,37,37,38,35,0,0,0,0,0,0,0,0,0,0,0,0,51,66,65,65,75,78,63,42,30,29,32,33,0,0,0,0,0,0,0,0,0,0,0,0,52,78,89,89,86,83,74,60,49,44,44,43,0,0,0,0,0
"25",25,"Upper Cross Street Blk 531A (Hong Lim Food Centre and Market)",1.28539479905788,103.843633150918,0,"People typically spend 30 min to 1 hr here",39,0,12,0,1,1,1,1,1,3,8,15,24,35,44,48,45,40,34,31,28,26,21,16,10,6,2,1,1,1,1,1,3,10,22,33,38,42,61,85,77,47,32,30,29,26,22,17,12,7,3,1,1,1,1,1,2,10,21,32,40,48,69,91,82,51,31,27,28,26,23,18,12,7,3,0,1,1,1,0,5,14,25,36,43,54,77,97,85,55,37,33,33,31,25,19,12,6,2,0,1,1,1,1,2,11,26,41,48,54,75,100,90,56,35,30,30,29,24,19,12,7,3,0,1,1,1,1,2,10,22,34,42,52,71,87,81,56,37,32,33,33,30,23,15,8,3,0,1,1,1,1,2,8,18,29,40,51,60,67,67,59,49,39,33,29,25,20,13,8,3
"26",26,"West Coast Drive Blk 502 (Ayer Rajah Market)",1.31186949903848,103.757588450918,0,"People typically spend 20 min to 1 hr here",51,0,12,1,0,0,0,0,0,19,35,50,61,69,74,72,64,56,55,61,68,70,62,48,32,18,7,2,0,0,0,0,0,17,35,45,40,41,62,80,65,43,40,47,54,55,49,40,28,17,8,3,0,0,0,0,0,20,38,47,44,45,65,80,66,43,38,47,56,60,57,47,34,21,10,4,0,0,0,0,0,21,41,50,46,50,81,100,76,49,47,56,64,65,59,47,34,21,11,4,0,0,0,0,0,23,45,53,45,48,74,90,71,46,43,53,62,66,61,50,35,22,11,7,0,0,0,0,0,21,43,53,48,50,69,82,69,47,40,47,58,66,66,58,45,30,17,8,0,0,0,0,0,20,39,55,63,67,73,77,70,58,54,60,70,75,72,62,47,31,17
"27",27,"West Coast Drive Blk 503 (Ayer Rajah Food Centre)",1.31186949903848,103.757588450918,0,"People typically spend 20 min to 1 hr here",52,0,12,1,0,0,0,0,0,19,35,50,61,69,74,72,64,56,55,61,68,70,62,48,32,18,7,2,0,0,0,0,0,17,35,45,40,41,62,80,65,43,40,47,54,55,49,40,28,17,8,3,0,0,0,0,0,20,38,47,44,45,65,80,66,43,38,47,56,60,57,47,34,21,10,4,0,0,0,0,0,21,41,50,46,50,81,100,76,49,47,56,64,65,59,47,34,21,11,4,0,0,0,0,0,23,45,53,45,48,74,90,71,46,43,53,62,66,61,50,35,22,11,7,0,0,0,0,0,21,43,53,48,50,69,82,69,47,40,47,58,66,66,58,45,30,17,8,0,0,0,0,0,20,39,55,63,67,73,77,70,58,54,60,70,75,72,62,47,31,17
"28",28,"Whampoa Drive Blk 90 (Whampoa Drive Makan Place/Whampoa Food Centre)",1.32325999903015,103.852203050918,0,"0",0,0,-1,-1,-1,-1,-1,-1,-1,-1,-1,-1,-1,-1,-1,-1,-1,-1,-1,-1,-1,-1,-1,-1,-1,-1,-1,-1,-1,-1,-1,-1,-1,-1,-1,-1,-1,-1,-1,-1,-1,-1,-1,-1,-1,-1,-1,-1,-1,-1,-1,-1,-1,-1,-1,-1,-1,-1,-1,-1,-1,-1,-1,-1,-1,-1,-1,-1,-1,-1,-1,-1,-1,-1,-1,-1,-1,-1,-1,-1,-1,-1,-1,-1,-1,-1,-1,-1,-1,-1,-1,-1,-1,-1,-1,-1,-1,-1,-1,-1,-1,-1,-1,-1,-1,-1,-1,-1,-1,-1,-1,-1,-1,-1,-1,-1,-1,-1,-1,-1,-1,-1,-1,-1,-1,-1,-1,-1,-1,-1,-1,-1,-1,-1,-1,-1,-1,-1,-1,-1,-1,-1,-1,-1,-1,-1,-1,-1,-1,-1,-1,-1,-1,-1,-1,-1,-1,-1,-1,-1,-1,-1,-1,-1,-1,-1,-1,-1,-1,-1,-1
"29",29,"Whampoa Drive Blk 91/92 (Whampoa Drive Makan Place/Whampoa Market)",1.3231864490302,103.852306250918,0,"0",0,0,-1,-1,-1,-1,-1,-1,-1,-1,-1,-1,-1,-1,-1,-1,-1,-1,-1,-1,-1,-1,-1,-1,-1,-1,-1,-1,-1,-1,-1,-1,-1,-1,-1,-1,-1,-1,-1,-1,-1,-1,-1,-1,-1,-1,-1,-1,-1,-1,-1,-1,-1,-1,-1,-1,-1,-1,-1,-1,-1,-1,-1,-1,-1,-1,-1,-1,-1,-1,-1,-1,-1,-1,-1,-1,-1,-1,-1,-1,-1,-1,-1,-1,-1,-1,-1,-1,-1,-1,-1,-1,-1,-1,-1,-1,-1,-1,-1,-1,-1,-1,-1,-1,-1,-1,-1,-1,-1,-1,-1,-1,-1,-1,-1,-1,-1,-1,-1,-1,-1,-1,-1,-1,-1,-1,-1,-1,-1,-1,-1,-1,-1,-1,-1,-1,-1,-1,-1,-1,-1,-1,-1,-1,-1,-1,-1,-1,-1,-1,-1,-1,-1,-1,-1,-1,-1,-1,-1,-1,-1,-1,-1,-1,-1,-1,-1,-1,-1,-1,-1
"30",30,"Yishun Park Hawker Centre",1.42501849895562,103.842526650918,0,"People typically spend 25 min to 1 hr here",54,0,12,0,0,0,0,0,0,6,17,35,59,84,99,100,85,63,47,49,72,96,89,55,23,0,0,0,0,0,0,0,0,7,14,21,27,32,47,69,60,28,14,23,40,54,55,41,22,0,0,0,0,0,0,0,0,7,14,21,29,38,58,80,63,29,17,25,45,64,63,43,19,0,0,0,0,0,0,0,0,11,19,26,33,41,60,81,70,38,24,35,57,73,71,51,26,0,0,0,0,0,0,0,0,10,20,31,39,45,59,85,77,35,20,33,58,76,73,51,25,0,0,0,0,0,0,0,0,11,19,27,33,40,58,81,73,38,19,28,54,79,83,63,33,0,0,0,0,0,0,0,0,8,18,33,54,75,89,90,78,59,44,45,65,92,96,70,35,0,0
"31",31,"Yishun Ring Road Blk 104/105 (Chong Pang Market and Food Centre)",1.43168849895074,103.826126350918,0,"People typically spend 25 min to 1 hr here",76,0,10,0,0,0,0,0,9,23,45,69,90,100,94,77,58,45,40,41,43,42,36,27,17,8,0,0,0,0,0,0,5,10,18,26,35,41,43,40,32,24,19,21,27,31,29,21,11,3,0,0,0,0,0,0,4,16,32,44,47,46,47,47,39,26,20,24,32,36,33,24,13,5,0,0,0,0,0,0,6,16,30,41,48,50,50,44,34,25,22,26,32,35,32,25,16,7,0,0,0,0,0,0,7,19,34,46,51,51,51,47,38,26,21,25,33,38,37,28,17,7,0,0,0,0,0,0,6,19,35,49,53,52,50,47,38,26,22,25,31,35,33,26,17,8,0,0,0,0,0,0,10,25,46,67,81,85,81,70,56,42,35,35,38,39,36,29,20,11,0
"32",32,"Zion Riverside Food Centre",1.2924674990527,103.829136150918,0,"People typically spend 25 min to 1 hr here",21,0,12,0,0,0,0,0,0,0,0,25,41,59,76,84,80,65,52,53,70,88,86,62,32,0,0,0,0,0,0,0,0,0,0,15,20,27,51,89,87,44,21,26,43,59,62,48,27,0,0,0,0,0,0,0,0,0,0,18,25,39,63,85,82,55,30,27,42,60,66,55,34,0,0,0,0,0,0,0,0,0,0,19,29,49,76,95,87,58,31,23,36,59,73,66,42,0,0,0,0,0,0,0,0,0,0,20,31,48,70,88,88,67,41,30,42,67,82,72,43,0,0,0,0,0,0,0,0,0,0,18,29,48,73,92,90,67,41,31,43,68,85,79,53,0,0,0,0,0,0,0,0,0,0,20,34,53,73,86,84,70,56,55,71,92,100,84,54,0,0
"33",33,"Bedok Reservoir Road Blk 630",1.33315719902289,103.911920950918,0,"People typically spend 45 min here",11,0,12,0,0,0,0,0,0,9,20,29,29,24,25,29,22,0,0,0,0,0,0,0,0,0,0,0,0,0,0,0,0,20,77,100,57,45,58,47,20,0,0,0,0,0,0,0,0,0,0,0,0,0,0,0,0,6,15,23,22,13,14,39,27,0,0,0,0,0,0,0,0,0,0,0,0,0,0,0,0,5,15,22,20,12,11,27,26,0,0,0,0,0,0,0,0,0,0,0,0,0,0,0,0,4,18,30,23,10,15,24,10,0,0,0,0,0,0,0,0,0,0,0,0,0,0,0,0,7,14,18,18,13,12,32,30,0,0,0,0,0,0,0,0,0,0,0,0,0,0,0,0,8,16,22,25,22,22,46,50,0,0,0,0,0,0,0,0,0,0
"34",34,"Bedok South Road Blk 16",1.32041809903223,103.933294350918,0,"People typically spend 30 min to 1 hr here",100,0,12,0,0,0,0,0,0,0,0,68,95,100,93,84,66,42,27,29,37,39,31,0,0,0,0,0,0,0,0,0,0,0,0,28,33,30,39,55,45,20,12,18,24,24,18,0,0,0,0,0,0,0,0,0,0,0,0,45,51,49,61,71,54,27,14,17,28,33,28,0,0,0,0,0,0,0,0,0,0,0,0,45,52,50,59,69,58,33,17,17,27,33,30,0,0,0,0,0,0,0,0,0,0,0,0,50,54,52,63,73,59,30,14,16,28,37,32,0,0,0,0,0,0,0,0,0,0,0,0,51,57,48,58,69,53,26,14,19,30,35,30,0,0,0,0,0,0,0,0,0,0,0,0,66,85,87,82,73,56,36,25,25,32,34,28,0,0,0,0
"35",35,"Bendemeer Road Blk 29 (Bendemeer Market and Food Centre)",1.31906709903321,103.860926950918,0,"People typically spend 25 min to 1 hr here",95,0,12,0,0,0,0,0,0,0,56,85,98,95,88,78,61,41,27,22,19,17,13,8,0,0,0,0,0,0,0,0,0,0,55,66,63,60,74,84,65,36,22,21,23,22,18,12,0,0,0,0,0,0,0,0,0,0,59,72,68,64,78,88,66,35,22,22,24,23,18,12,0,0,0,0,0,0,0,0,0,0,60,74,71,69,84,94,72,40,25,24,25,24,20,13,0,0,0,0,0,0,0,0,0,0,63,78,73,69,86,100,76,41,25,25,27,27,22,15,0,0,0,0,0,0,0,0,0,0,63,77,73,67,76,84,67,39,23,20,21,20,16,11,0,0,0,0,0,0,0,0,0,0,60,87,95,88,81,77,63,42,27,21,19,17,14,10,0,0,0
"36",36,"Beo Crescent Market",1.28872069905544,103.825324750918,0,"People typically spend 20 min to 1 hr here",88,0,12,0,0,0,0,0,0,26,49,76,95,100,91,76,62,50,40,32,25,19,14,0,0,0,0,0,0,0,0,0,0,16,28,37,42,48,58,62,52,35,24,21,22,22,19,0,0,0,0,0,0,0,0,0,0,24,43,57,61,63,73,77,62,40,28,25,23,21,17,0,0,0,0,0,0,0,0,0,0,24,43,56,60,63,75,79,60,38,28,26,25,23,20,0,0,0,0,0,0,0,0,0,0,24,45,58,60,61,72,79,66,43,28,24,22,20,17,0,0,0,0,0,0,0,0,0,0,22,45,61,63,60,67,74,59,37,26,24,23,21,18,0,0,0,0,0,0,0,0,0,0,25,46,67,83,88,85,76,65,54,45,38,33,27,22,0,0,0,0
"37",37,"Berseh Food Centre",1.3073538990418,103.854555350918,0,"People typically spend 20 min to 1 hr here",47,0,12,8,2,1,1,1,2,9,18,29,41,56,71,77,72,62,56,58,63,66,62,54,41,28,17,5,0,1,1,1,1,9,19,28,33,40,59,79,73,50,37,37,40,40,38,32,25,17,10,6,1,1,1,1,0,9,23,34,37,42,70,100,87,54,42,46,52,54,51,43,33,23,13,7,1,1,1,1,1,10,22,32,36,41,66,97,88,56,43,47,54,56,54,46,36,25,15,6,0,1,1,1,0,9,22,33,39,44,66,94,90,59,42,46,54,59,57,50,38,26,14,7,1,1,1,1,2,9,18,25,30,40,67,92,84,55,39,42,53,61,62,55,43,29,17,9,2,1,1,1,2,10,19,29,37,47,62,78,82,72,60,59,66,73,73,66,52,36,21
"38",38,"Boon Lay Place Blk 221A/B (Boon Lay Place Market and Food Village)",1.34574339901368,103.710873150918,0,"People typically spend 20 min to 1 hr here",91,0,19,1,1,1,1,1,16,36,58,80,95,100,91,74,54,41,40,50,64,74,73,61,42,22,6,1,1,1,1,0,10,20,28,31,29,27,37,50,38,17,14,26,41,52,54,47,33,18,4,1,1,1,1,2,13,25,34,38,37,36,45,54,41,20,15,27,43,57,60,52,36,18,3,1,1,1,1,3,15,28,39,43,41,39,51,64,47,22,19,33,51,63,66,57,41,23,7,1,1,1,1,2,15,31,42,46,41,37,48,62,45,21,20,36,54,66,69,61,45,26,10,3,1,1,1,2,15,31,43,46,41,37,48,59,43,21,20,33,49,62,67,62,49,33,17,1,1,1,1,6,24,44,59,66,68,67,66,59,47,37,34,42,56,68,72,66,51,32,15
"39",39,"Buffalo Road Blk 665 (Tekka Centre/Zhu Jiao Market)",1.30646089904245,103.848558250918,0,"People typically spend 20 min to 1 hr here",100,0,12,0,0,0,0,0,0,10,24,42,61,80,95,100,95,87,83,83,83,76,62,43,25,12,4,0,0,0,0,0,0,0,0,0,0,0,0,0,0,0,0,0,0,0,0,0,0,0,0,0,0,0,0,0,0,10,20,29,34,38,45,49,46,37,31,32,37,40,37,29,19,10,4,0,0,0,0,0,0,13,24,32,35,39,48,55,50,37,30,32,39,43,40,32,20,11,4,0,0,0,0,0,0,12,23,32,36,40,48,53,48,37,31,34,41,46,43,34,22,11,4,0,0,0,0,0,0,11,23,34,37,39,44,49,47,39,32,32,38,43,42,34,22,12,4,0,0,0,0,0,0,12,25,38,48,55,60,64,64,59,53,52,56,59,56,44,29,15,6
"40",40,"Bukit Merah Central Blk 163 (Bukit Merah Central Food Centre)",1.2834535990593,103.815211650918,0,"People typically spend 30 min here",24,0,12,0,0,0,0,0,0,0,4,14,30,40,45,55,49,26,13,9,6,4,0,0,0,0,0,0,0,0,0,0,0,9,23,32,27,25,58,100,80,36,19,18,18,13,8,0,0,0,0,0,0,0,0,0,0,8,23,33,24,23,57,93,76,37,21,20,17,12,6,0,0,0,0,0,0,0,0,0,0,7,21,32,28,21,48,93,75,32,19,19,18,13,8,0,0,0,0,0,0,0,0,0,0,8,20,27,23,26,61,98,83,41,21,18,16,13,8,0,0,0,0,0,0,0,0,0,0,7,25,35,21,21,55,88,70,35,21,17,14,11,7,0,0,0,0,0,0,0,0,0,0,0,8,20,26,30,43,52,41,25,17,13,10,7,0,0,0,0,0
"41",41,"Bukit Merah Lane 1 Blk 120 (Alexandra Village Food Centre)",1.28633969905719,103.802324350918,0,"People typically spend 25 min to 1 hr here",0,0,12,0,0,0,0,0,0,0,0,0,0,0,67,78,74,58,39,32,47,70,67,37,0,0,0,0,0,0,0,0,0,0,0,0,0,0,51,82,71,34,22,28,36,40,35,25,0,0,0,0,0,0,0,0,0,0,14,21,28,38,66,95,80,41,27,37,51,57,50,34,0,0,0,0,0,0,0,0,0,0,14,21,27,35,63,100,84,39,25,34,46,51,45,32,0,0,0,0,0,0,0,0,0,0,14,20,26,36,63,96,87,45,24,30,46,56,53,38,0,0,0,0,0,0,0,0,0,0,13,21,29,39,62,89,82,46,25,31,49,63,62,46,0,0,0,0,0,0,0,0,0,0,10,22,40,62,80,89,83,67,51,46,59,76,74,50,0,0,0
"42",42,"Bukit Merah View Blk 115 (Blk 115 Bukit Merah View Market and Food Centre)",1.28547259905782,103.820074950918,0,"People typically spend 20 min to 1 hr here",74,0,12,0,0,0,0,0,0,0,49,79,96,96,90,84,72,54,43,43,50,52,47,35,0,0,0,0,0,0,0,0,0,0,38,49,52,49,60,82,72,39,26,34,45,49,45,34,0,0,0,0,0,0,0,0,0,0,45,58,59,59,72,84,71,43,29,32,41,46,43,34,0,0,0,0,0,0,0,0,0,0,46,59,61,60,77,96,80,45,32,39,50,55,51,39,0,0,0,0,0,0,0,0,0,0,46,62,65,64,80,100,83,47,32,40,52,58,54,43,0,0,0,0,0,0,0,0,0,0,48,65,64,60,77,95,78,44,29,36,49,56,55,44,0,0,0,0,0,0,0,0,0,0,49,76,89,89,88,86,72,52,40,43,53,59,57,46,0,0,0
"43",43,"Bukit Panjang Hawker Centre",1.37745739899045,103.770300650918,0,"People typically spend 20 min to 1 hr here",100,0,9,0,0,0,0,0,0,27,58,88,100,97,95,90,70,45,31,34,43,49,44,31,17,0,0,0,0,0,0,0,0,16,32,42,41,41,52,57,44,27,21,24,28,29,27,21,14,0,0,0,0,0,0,0,0,20,44,59,56,51,58,61,48,30,23,26,32,36,34,27,18,0,0,0,0,0,0,0,0,23,49,64,60,57,66,70,56,34,22,25,36,42,40,29,16,0,0,0,0,0,0,0,0,20,53,72,61,52,63,69,55,33,21,25,38,47,46,34,19,0,0,0,0,0,0,0,0,25,56,75,67,56,61,68,57,36,23,24,34,42,43,34,22,0,0,0,0,0,0,0,0,31,66,93,95,88,86,80,62,41,32,36,45,50,46,35,21,0,0
"44",44,"Market Street Interim Hawker Centre",1.28241109906006,103.845411250918,0,"0",0,0,-1,-1,-1,-1,-1,-1,-1,-1,-1,-1,-1,-1,-1,-1,-1,-1,-1,-1,-1,-1,-1,-1,-1,-1,-1,-1,-1,-1,-1,-1,-1,-1,-1,-1,-1,-1,-1,-1,-1,-1,-1,-1,-1,-1,-1,-1,-1,-1,-1,-1,-1,-1,-1,-1,-1,-1,-1,-1,-1,-1,-1,-1,-1,-1,-1,-1,-1,-1,-1,-1,-1,-1,-1,-1,-1,-1,-1,-1,-1,-1,-1,-1,-1,-1,-1,-1,-1,-1,-1,-1,-1,-1,-1,-1,-1,-1,-1,-1,-1,-1,-1,-1,-1,-1,-1,-1,-1,-1,-1,-1,-1,-1,-1,-1,-1,-1,-1,-1,-1,-1,-1,-1,-1,-1,-1,-1,-1,-1,-1,-1,-1,-1,-1,-1,-1,-1,-1,-1,-1,-1,-1,-1,-1,-1,-1,-1,-1,-1,-1,-1,-1,-1,-1,-1,-1,-1,-1,-1,-1,-1,-1,-1,-1,-1,-1,-1,-1,-1,-1
"45",45,"Marsiling Lane Blk 20/21",1.44346009894212,103.774684250918,0,"People typically spend 20 min to 1 hr here",100,0,10,0,0,0,0,0,15,36,62,84,97,100,88,64,41,28,25,26,25,22,0,0,0,0,0,0,0,0,0,0,10,22,32,36,32,28,29,29,23,15,13,17,22,24,20,14,0,0,0,0,0,0,0,0,13,30,46,52,50,45,41,35,25,16,14,18,24,26,23,16,0,0,0,0,0,0,0,0,15,32,49,56,53,49,46,41,30,21,18,21,24,25,21,14,0,0,0,0,0,0,0,0,14,32,50,57,52,47,47,44,32,20,17,21,26,26,22,15,0,0,0,0,0,0,0,0,16,33,50,57,54,48,44,38,28,19,16,19,23,24,21,14,0,0,0,0,0,0,0,0,16,39,64,79,80,76,69,56,38,26,24,26,27,25,19,13,0,0,0
"46",46,"Marsiling Mall Hawker Centre",1.4335075989494,103.777669850918,0,"People typically spend 5-30 min here",0,0,18,0,0,0,0,0,0,0,0,0,0,82,99,100,82,59,43,48,71,88,78,47,19,0,0,0,0,0,0,0,0,0,0,0,0,35,53,63,54,34,21,24,40,53,48,30,13,0,0,0,0,0,0,0,0,0,0,0,0,39,55,65,58,40,27,29,46,59,56,37,17,0,0,0,0,0,0,0,0,0,0,0,0,45,65,75,63,40,26,30,50,65,61,39,17,0,0,0,0,0,0,0,0,0,0,0,0,46,68,78,65,40,26,35,58,75,68,42,18,0,0,0,0,0,0,0,0,0,0,0,0,46,62,71,64,47,32,34,57,80,78,51,22,0,0,0,0,0,0,0,0,0,0,0,0,65,77,80,70,55,42,44,63,83,79,51,22,0,0
"47",47,"Maxwell Food Centre (Kim Hua Market)",1.28033609906159,103.842572950918,0,"People typically spend 25 min to 1 hr here",91,0,12,1,1,0,0,0,0,0,0,19,30,41,57,71,65,44,33,34,38,37,30,20,11,5,1,1,1,0,0,0,0,0,0,23,24,26,48,76,67,34,19,22,28,32,30,25,18,11,5,1,1,0,0,0,0,0,0,24,28,34,61,92,83,45,25,28,38,44,42,33,22,11,4,1,1,0,0,0,0,0,0,24,29,34,61,100,91,48,29,33,41,43,39,30,19,10,4,2,1,0,0,0,0,0,0,24,28,34,63,96,83,43,24,28,37,43,43,35,24,14,6,4,0,0,0,0,0,0,0,22,26,33,57,87,81,47,27,29,40,49,50,44,32,20,10,3,0,0,0,0,0,0,0,23,32,43,60,79,78,57,39,37,46,52,51,43,30,17,8
"48",48,"Mei Chin Road Blk 159 (Mei Chin Road Market)",1.29326719905211,103.800688650918,0,"People typically spend 25 min to 1 hr here",86,0,12,0,0,0,0,0,0,14,41,75,97,100,94,84,60,33,19,17,19,20,19,16,0,0,0,0,0,0,0,0,0,9,21,31,31,30,41,51,35,15,8,7,7,7,7,6,0,0,0,0,0,0,0,0,0,14,31,46,50,47,60,68,41,15,9,9,9,9,8,7,0,0,0,0,0,0,0,0,0,15,34,50,52,49,65,80,55,23,12,11,11,11,10,8,0,0,0,0,0,0,0,0,0,19,36,51,54,50,64,81,54,19,11,12,13,13,12,11,0,0,0,0,0,0,0,0,0,18,38,54,55,53,67,76,50,20,11,12,13,13,12,11,0,0,0,0,0,0,0,0,0,17,45,77,93,90,85,76,54,30,19,20,22,24,23,20,0,0,0
"49",49,"New Market Road Blk 32 (People's Park Food Centre)",1.28499759905817,103.840361550918,0,"People typically spend 30 min to 1 hr here",20,0,13,0,0,0,0,0,0,0,4,13,30,53,78,96,99,88,75,71,80,90,86,64,36,15,0,0,0,0,0,0,0,0,0,0,0,0,0,0,0,0,0,0,0,0,0,0,0,0,0,0,0,0,0,0,0,0,2,6,18,39,67,88,90,73,50,42,55,74,76,54,26,9,0,0,0,0,0,0,0,0,2,7,19,40,67,89,95,82,60,48,57,79,84,61,29,9,0,0,0,0,0,0,0,0,2,8,21,45,74,97,99,80,56,47,61,83,87,65,33,12,0,0,0,0,0,0,0,0,2,7,19,40,65,86,92,80,60,49,60,85,96,76,41,15,0,0,0,0,0,0,0,0,4,12,25,45,68,87,96,91,78,68,73,91,100,81,47,19,0
"50",50,"New Upper Changi Road Blk 208B",1.34026449901769,103.852227550918,0,"People typically spend 30 min to 1 hr here",87,0,13,0,0,0,0,0,0,0,0,0,0,0,0,89,100,69,51,56,66,69,65,53,0,0,0,0,0,0,0,0,0,0,0,0,0,0,0,72,72,37,27,35,44,51,52,47,0,0,0,0,0,0,0,0,0,0,0,0,0,0,0,0,0,0,0,0,0,0,0,0,0,0,0,0,0,0,0,0,0,0,0,0,0,0,0,63,75,47,31,37,50,60,62,57,0,0,0,0,0,0,0,0,0,0,0,0,0,0,0,68,78,46,33,44,57,65,66,59,0,0,0,0,0,0,0,0,0,0,0,0,0,0,0,69,76,42,32,42,55,64,65,59,0,0,0,0,0,0,0,0,0,0,0,0,0,0,0,73,90,66,51,59,72,78,76,66,0,0,0
"51",51,"New Upper Changi Road Blk 58",1.3241261,103.94118435,0,"0",0,0,-1,-1,-1,-1,-1,-1,-1,-1,-1,-1,-1,-1,-1,-1,-1,-1,-1,-1,-1,-1,-1,-1,-1,-1,-1,-1,-1,-1,-1,-1,-1,-1,-1,-1,-1,-1,-1,-1,-1,-1,-1,-1,-1,-1,-1,-1,-1,-1,-1,-1,-1,-1,-1,-1,-1,-1,-1,-1,-1,-1,-1,-1,-1,-1,-1,-1,-1,-1,-1,-1,-1,-1,-1,-1,-1,-1,-1,-1,-1,-1,-1,-1,-1,-1,-1,-1,-1,-1,-1,-1,-1,-1,-1,-1,-1,-1,-1,-1,-1,-1,-1,-1,-1,-1,-1,-1,-1,-1,-1,-1,-1,-1,-1,-1,-1,-1,-1,-1,-1,-1,-1,-1,-1,-1,-1,-1,-1,-1,-1,-1,-1,-1,-1,-1,-1,-1,-1,-1,-1,-1,-1,-1,-1,-1,-1,-1,-1,-1,-1,-1,-1,-1,-1,-1,-1,-1,-1,-1,-1,-1,-1,-1,-1,-1,-1,-1,-1,-1,-1
"52",52,"Newton Food Centre",1.31198879903839,103.837380150918,0,"People typically spend 20 min to 1.5 hr here",0,0,20,13,5,0,0,0,0,0,0,0,0,0,0,29,32,35,39,46,60,78,90,86,67,44,25,12,3,0,0,0,0,0,0,0,0,0,0,45,44,34,25,25,34,48,58,61,54,41,25,16,7,0,0,0,0,0,0,0,0,0,0,39,38,34,29,29,37,53,67,69,58,42,28,16,5,0,0,0,0,0,0,0,0,0,0,49,51,40,29,29,43,60,74,78,69,52,32,20,7,0,0,0,0,0,0,0,0,0,0,40,39,37,35,38,48,64,79,84,77,60,39,31,14,0,0,0,0,0,0,0,0,0,0,38,37,34,31,34,49,73,94,98,88,71,52,32,13,0,0,0,0,0,0,0,0,0,0,36,38,36,34,36,50,74,94,100,91,76,56
"53",53,"North Bridge Road Market",1.30583329904291,103.861694850918,0,"People typically spend 20-45 min here",97,0,12,1,1,1,1,1,1,16,41,69,90,96,85,64,40,23,16,15,17,16,11,3,1,1,1,10,6,2,1,1,1,20,50,63,56,55,68,74,61,39,23,16,16,17,18,19,18,16,13,10,7,3,0,1,2,21,54,80,82,81,89,87,65,39,22,16,16,17,18,18,17,15,13,15,12,8,4,2,8,29,61,84,83,81,92,97,79,48,24,15,14,16,19,20,20,20,18,16,11,6,1,0,6,28,61,81,78,77,92,99,77,46,28,25,27,30,31,31,29,26,21,24,18,11,6,5,12,31,56,76,82,79,74,69,59,45,33,26,25,27,31,33,34,32,29,12,7,2,1,1,3,22,53,85,100,95,84,74,62,45,31,24,24,25,26,26,24,21,17
"54",54,"Old Airport Road Blk 51 (51 Old Airport Road Food Centre and Shopping Mall)",1.30824049904115,103.883650450918,0,"People typically spend 25 min to 1 hr here",42,0,12,0,0,0,0,0,0,5,12,26,47,72,92,100,91,72,57,56,71,84,78,52,24,7,0,0,0,0,0,0,0,4,8,15,27,43,58,65,61,47,33,29,39,53,55,40,18,4,0,0,0,0,0,0,0,2,7,17,31,49,65,72,67,53,38,33,42,59,64,48,24,7,0,0,0,0,0,0,0,5,9,17,31,51,71,80,72,54,37,34,46,60,61,46,24,7,0,0,0,0,0,0,0,7,12,18,28,47,71,84,77,55,37,36,51,67,69,54,31,12,0,0,0,0,0,0,0,6,13,25,41,59,74,78,71,57,44,43,57,75,80,64,37,15,0,0,0,0,0,0,0,7,17,32,53,76,94,99,90,73,58,57,71,88,88,67,38,15,0
"55",55,"Our Tampines Hub",1.35365359900789,103.937534350918,0,"People typically spend 15 min here",10,0,12,0,0,0,0,0,0,2,9,24,47,74,94,100,87,64,45,43,59,74,69,44,19,0,0,1,0,0,1,1,0,3,10,19,29,41,64,91,86,51,29,34,49,59,56,41,23,9,2,1,1,1,1,1,0,3,9,17,26,39,66,96,84,43,26,38,59,70,62,41,19,6,0,1,1,1,1,1,0,2,5,12,26,45,63,71,64,46,29,22,33,52,58,41,18,4,1,1,1,1,1,1,3,6,10,14,21,34,54,70,67,49,31,28,41,57,61,47,26,10,1,0,0,0,0,0,0,5,12,21,28,37,58,90,93,57,30,35,59,79,78,56,29,0,0,1,1,1,1,1,1,4,17,36,55,68,79,88,82,59,39,39,55,71,71,54,31,13,3
"56",56,"Pasir Panjang Food Centre",1.27596899906479,103.789058050918,0,"People typically spend 20 min to 1 hr here",24,0,19,0,0,0,0,0,0,0,0,29,28,25,28,35,34,22,14,24,51,80,88,67,35,12,0,0,0,0,0,0,0,0,0,49,41,35,55,83,72,35,20,33,54,70,69,53,30,12,0,0,0,0,0,0,0,0,0,53,44,43,64,87,76,43,29,41,65,83,82,63,37,16,0,0,0,0,0,0,0,0,0,52,45,44,68,93,79,41,21,32,60,86,91,72,41,17,0,0,0,0,0,0,0,0,0,57,45,44,71,98,82,42,23,35,65,92,95,72,40,15,0,0,0,0,0,0,0,0,0,53,44,41,64,89,77,42,26,40,68,93,100,83,53,26,0,0,0,0,0,0,0,0,0,37,30,32,45,54,50,36,29,39,66,91,98,80,49,22,0
"57",57,"Pasir Ris Central Hawker Centre",1.3735775989933,103.949277450918,0,"People typically spend 30 min to 1 hr here",37,0,19,0,0,0,0,0,0,0,22,47,65,72,85,97,87,58,34,38,70,98,88,50,18,0,0,0,0,0,0,0,0,0,23,37,35,33,49,67,62,38,21,25,46,64,61,39,16,0,0,0,0,0,0,0,0,0,19,37,37,32,46,64,61,40,22,22,41,59,58,38,16,0,0,0,0,0,0,0,0,0,28,42,40,38,54,75,71,45,25,29,52,74,73,49,23,0,0,0,0,0,0,0,0,0,24,42,37,32,53,76,69,40,20,27,56,82,79,50,21,0,0,0,0,0,0,0,0,0,26,47,47,43,62,87,80,48,24,28,56,87,92,66,32,0,0,0,0,0,0,0,0,0,22,53,69,68,79,98,96,67,38,33,60,95,100,66,27,0,0
"58",58,"Queen Street Blk 270 (Albert Centre)",1.30090269904652,103.852244450918,0,"0",0,0,-1,-1,-1,-1,-1,-1,-1,-1,-1,-1,-1,-1,-1,-1,-1,-1,-1,-1,-1,-1,-1,-1,-1,-1,-1,-1,-1,-1,-1,-1,-1,-1,-1,-1,-1,-1,-1,-1,-1,-1,-1,-1,-1,-1,-1,-1,-1,-1,-1,-1,-1,-1,-1,-1,-1,-1,-1,-1,-1,-1,-1,-1,-1,-1,-1,-1,-1,-1,-1,-1,-1,-1,-1,-1,-1,-1,-1,-1,-1,-1,-1,-1,-1,-1,-1,-1,-1,-1,-1,-1,-1,-1,-1,-1,-1,-1,-1,-1,-1,-1,-1,-1,-1,-1,-1,-1,-1,-1,-1,-1,-1,-1,-1,-1,-1,-1,-1,-1,-1,-1,-1,-1,-1,-1,-1,-1,-1,-1,-1,-1,-1,-1,-1,-1,-1,-1,-1,-1,-1,-1,-1,-1,-1,-1,-1,-1,-1,-1,-1,-1,-1,-1,-1,-1,-1,-1,-1,-1,-1,-1,-1,-1,-1,-1,-1,-1,-1,-1,-1
"59",59,"Adam Road Food Centre",1.32404139902957,103.811960450918,0,"People typically spend 15-45 min here",0,0,12,0,0,0,0,0,0,0,0,0,0,0,0,0,0,0,0,0,0,0,0,0,0,0,0,0,0,0,0,0,0,0,0,81,76,64,76,88,82,71,65,65,64,0,0,0,0,0,0,0,0,0,0,0,0,0,0,77,83,78,80,89,91,84,77,75,75,0,0,0,0,0,0,0,0,0,0,0,0,0,0,85,83,72,83,100,96,80,72,74,77,0,0,0,0,0,0,0,0,0,0,0,0,0,0,78,80,75,84,99,98,83,72,72,76,0,0,0,0,0,0,0,0,0,0,0,0,0,0,91,81,66,79,95,93,79,69,69,73,0,0,0,0,0,0,0,0,0,0,0,0,0,0,0,0,0,0,0,0,0,0,0,0,0,0,0,0,0,0
"60",60,"Aljunied Ave 2 Blk 117 (Blk 117 Aljunied Market and Food Centre)",1.32055799903213,103.884464750918,0,"People typically spend 25 min to 1 hr here",85,0,12,0,0,0,0,0,0,19,50,84,100,96,88,79,59,36,24,22,22,21,17,12,0,0,0,0,0,0,0,0,0,18,44,61,55,46,59,74,57,28,14,15,18,18,15,10,0,0,0,0,0,0,0,0,0,18,43,57,49,43,61,76,57,27,15,16,19,19,17,12,0,0,0,0,0,0,0,0,0,25,50,64,58,49,63,82,64,31,17,17,19,19,17,13,0,0,0,0,0,0,0,0,0,23,50,67,58,46,62,84,63,29,18,19,21,20,17,12,0,0,0,0,0,0,0,0,0,27,55,67,56,44,60,76,59,28,14,15,18,20,17,13,0,0,0,0,0,0,0,0,0,20,48,75,82,75,70,70,57,36,23,20,22,23,20,14,0,0,0
"61",61,"Amoy Street Food Centre (Telok Ayer Food Centre)",1.27942739906225,103.844601650918,0,"People typically spend 25 min to 1 hr here",26,0,12,0,0,0,0,0,0,1,4,10,15,18,21,22,17,12,7,6,5,0,0,0,0,0,0,0,0,0,0,0,0,8,21,27,21,18,49,91,73,28,11,10,10,9,7,5,0,0,0,0,0,0,0,0,0,6,22,32,21,24,66,100,72,28,11,8,8,7,5,4,0,0,0,0,0,0,0,0,0,9,25,30,18,21,58,93,75,32,11,9,10,11,9,7,0,0,0,0,0,0,0,0,0,10,30,37,22,23,61,97,78,33,11,9,10,11,10,7,0,0,0,0,0,0,0,0,0,7,22,31,22,25,59,88,68,29,11,9,10,11,10,8,0,0,0,0,0,0,0,0,0,2,8,16,22,23,24,29,29,19,10,7,8,9,9,7,0,0,0
"62",62,"Ang Mo Kio Ave 1 Blk 226D (Kebun Baru Market and Food Centre)",1.36722299899795,103.837833850918,0,"People typically spend 20 min to 1 hr here",84,0,8,0,0,0,0,0,7,26,56,86,100,96,86,71,49,27,16,18,26,31,28,18,8,0,0,0,0,0,0,0,4,16,32,41,40,38,40,38,28,16,10,11,16,19,18,12,5,0,0,0,0,0,0,0,4,20,42,56,53,48,48,45,32,16,9,11,18,22,20,13,6,0,0,0,0,0,0,0,5,21,42,54,53,51,54,51,36,19,12,14,21,25,23,15,6,0,0,0,0,0,0,0,6,24,46,58,55,51,52,49,37,22,13,14,20,25,24,17,8,0,0,0,0,0,0,0,6,24,47,59,54,48,49,46,31,15,8,10,18,24,23,16,8,0,0,0,0,0,0,0,8,27,54,78,85,79,70,58,42,25,17,19,24,27,24,16,8,0,0
"63",63,"Ang Mo Kio Ave 1 Blk 341 (Teck Ghee Court)",1.36403649900028,103.845877150918,0,"People typically spend 25 min to 1 hr here",100,0,8,0,0,0,0,0,0,0,53,87,100,87,69,55,39,22,11,9,11,13,12,9,5,0,0,0,0,0,0,0,0,0,30,46,42,30,26,25,19,9,4,4,7,8,8,7,4,0,0,0,0,0,0,0,0,0,40,59,55,42,37,37,27,14,6,4,7,9,9,7,4,0,0,0,0,0,0,0,0,0,42,61,54,42,42,42,30,14,6,6,8,9,9,6,3,0,0,0,0,0,0,0,0,0,42,61,58,45,42,41,30,14,5,4,6,7,7,5,3,0,0,0,0,0,0,0,0,0,41,64,62,46,39,37,27,14,6,6,8,9,9,7,4,0,0,0,0,0,0,0,0,0,49,84,90,71,56,48,35,18,9,7,9,11,12,10,7,0,0
"64",64,"Ang Mo Kio Ave 10 Blk 409 (Teck Ghee Square)",1.36259669900134,103.853242750918,0,"People typically spend 30 min to 1 hr here",78,0,7,1,0,0,0,5,30,63,87,97,100,99,91,74,52,32,20,23,39,61,76,73,52,27,6,1,0,0,0,1,10,30,33,19,10,18,33,39,29,13,2,5,18,36,50,52,41,23,6,1,0,0,0,3,23,45,56,54,49,53,62,60,43,21,9,12,26,44,57,59,48,30,12,1,0,0,0,1,23,63,90,85,66,60,68,69,53,30,17,20,38,61,77,77,61,36,14,1,0,0,0,1,31,77,98,79,58,64,79,78,57,33,22,28,46,66,76,70,52,29,9,6,0,0,0,0,31,73,90,71,48,47,55,56,47,31,18,16,27,47,67,76,69,49,26,1,0,0,0,3,28,60,83,87,82,79,79,75,61,42,25,19,28,50,73,82,72,46,20
"65",65,"Ang Mo Kio Ave 10 Blk 453A (Chong Boon Market and Food Centre)",1.36803549899736,103.854377450918,0,"People typically spend 25 min to 1 hr here",100,0,10,0,0,0,0,0,0,0,52,78,97,100,85,60,36,21,15,15,17,16,12,7,0,0,0,0,0,0,0,0,0,0,24,34,34,29,29,28,20,10,6,6,8,8,7,5,0,0,0,0,0,0,0,0,0,0,38,51,51,46,43,39,27,13,7,8,11,12,11,7,0,0,0,0,0,0,0,0,0,0,37,51,53,48,45,41,30,16,9,10,13,14,12,7,0,0,0,0,0,0,0,0,0,0,37,51,53,48,48,46,33,16,8,9,14,16,14,8,0,0,0,0,0,0,0,0,0,0,40,53,54,48,46,42,30,16,10,10,13,14,12,8,0,0,0,0,0,0,0,0,0,0,49,71,79,75,66,55,39,23,15,14,16,16,13,9,0,0,0
"66",66,"Ang Mo Kio Ave 10 Blk 527 (Cheng San Market and Cooked Food Centre)",1.37280569899386,103.852264150918,0,"People typically spend 20-45 min here",100,0,8,0,0,0,0,0,19,39,63,85,99,100,88,68,45,28,0,0,0,0,0,0,0,0,0,0,0,0,0,0,11,24,38,46,44,38,39,42,31,16,12,15,18,19,17,13,8,3,0,0,0,0,0,0,15,33,51,59,58,55,54,46,31,18,13,16,20,22,20,15,9,3,0,0,0,0,0,0,18,37,54,62,61,60,61,55,40,23,16,18,23,26,23,16,8,2,1,0,0,0,0,0,19,40,59,66,61,57,58,54,40,24,17,18,23,25,23,17,10,4,0,0,0,0,0,0,16,36,57,66,62,58,59,55,38,21,14,17,21,23,22,16,10,4,0,0,0,0,0,0,18,39,63,82,92,89,77,61,43,29,21,19,21,21,20,16,11,6,2
"67",67,"Ang Mo Kio Ave 4 Blk 160/162 (Mayflower Market)",1.37418439899285,103.836635550918,0,"People typically spend 25 min to 1 hr here",100,0,9,0,0,0,0,0,0,27,58,88,100,93,82,67,43,20,9,7,7,7,6,0,0,0,0,0,0,0,0,0,0,20,34,43,40,33,36,41,27,9,2,1,1,1,0,0,0,0,0,0,0,0,0,0,0,24,45,57,52,42,47,52,33,11,3,2,3,3,2,0,0,0,0,0,0,0,0,0,0,25,43,52,48,41,47,52,33,12,4,4,4,5,4,0,0,0,0,0,0,0,0,0,0,23,45,58,54,45,50,52,34,12,4,3,4,4,4,0,0,0,0,0,0,0,0,0,0,27,47,57,53,45,49,52,33,12,4,4,4,5,4,0,0,0,0,0,0,0,0,0,0,28,57,80,82,73,66,57,38,19,9,7,7,7,6,0,0,0,0
"68",68,"Ang Mo Kio Ave 4 Blk 628 (Ang Mo Kio 628 Market)",1.38088399898795,103.838396150918,0,"People typically spend 20 min to 1 hr here",95,0,10,0,0,0,0,0,0,27,53,80,96,100,93,78,57,37,28,26,26,25,21,16,10,0,0,0,0,0,0,0,0,16,28,36,36,34,42,50,40,23,17,18,19,18,15,11,6,0,0,0,0,0,0,0,0,20,40,53,52,50,56,55,41,24,17,18,20,20,18,14,9,0,0,0,0,0,0,0,0,20,38,52,54,51,57,62,48,27,18,18,20,20,17,12,7,0,0,0,0,0,0,0,0,22,43,57,57,57,67,67,48,27,20,22,25,26,22,16,10,0,0,0,0,0,0,0,0,24,47,62,60,56,62,62,44,26,20,22,24,24,21,15,10,0,0,0,0,0,0,0,0,31,57,80,89,88,83,74,55,35,25,24,27,27,23,17,11,0,0
"69",69,"Ang Mo Kio Ave 6 Blk 724 (Blk 724 Ang Mo Kio Market)",1.37218409899432,103.844365150918,0,"People typically spend 45 min here",78,0,12,0,0,0,0,0,0,0,0,63,92,92,90,100,97,72,45,40,59,76,65,36,0,0,0,0,0,0,0,0,0,0,0,0,0,24,51,68,58,33,15,16,27,36,31,18,0,0,0,0,0,0,0,0,0,0,0,21,32,44,59,68,65,49,31,26,37,51,48,29,0,0,0,0,0,0,0,0,0,0,0,30,44,54,67,78,75,52,29,24,37,49,44,25,0,0,0,0,0,0,0,0,0,0,0,25,42,60,72,75,66,50,33,26,36,55,55,32,0,0,0,0,0,0,0,0,0,0,0,25,42,61,75,79,69,51,34,27,41,62,66,43,0,0,0,0,0,0,0,0,0,0,0,55,87,93,85,87,90,72,45,36,54,75,72,45,0,0,0
"70",70,"Ang Mo Kio Street 22 Blk 226H (Kebun Baru Food Centre)",1.36722299899795,103.837833850918,0,"People typically spend 20 min to 1 hr here",100,0,8,0,0,0,0,0,7,26,56,86,100,96,86,71,49,27,16,18,26,31,28,18,8,0,0,0,0,0,0,0,4,16,32,41,40,38,40,38,28,16,10,11,16,19,18,12,5,0,0,0,0,0,0,0,4,20,42,56,53,48,48,45,32,16,9,11,18,22,20,13,6,0,0,0,0,0,0,0,5,21,42,54,53,51,54,51,36,19,12,14,21,25,23,15,6,0,0,0,0,0,0,0,6,24,46,58,55,51,52,49,37,22,13,14,20,25,24,17,8,0,0,0,0,0,0,0,6,24,47,59,54,48,49,46,31,15,8,10,18,24,23,16,8,0,0,0,0,0,0,0,8,27,54,78,85,79,70,58,42,25,17,19,24,27,24,16,8,0,0
"71",71,"Bedok Food Centre",1.32034999903228,103.953252950918,0,"People typically spend 20 min to 1 hr here",21,0,13,0,0,0,0,0,0,0,0,30,51,73,90,97,95,90,89,90,89,81,66,48,30,0,0,0,0,0,0,0,0,0,0,12,22,34,46,53,53,48,43,42,44,44,39,27,15,0,0,0,0,0,0,0,0,0,0,17,30,47,61,69,69,63,58,59,64,65,56,40,23,0,0,0,0,0,0,0,0,0,0,18,34,51,67,74,72,65,60,63,69,70,60,42,23,0,0,0,0,0,0,0,0,0,0,18,33,49,64,71,70,65,62,65,69,70,61,45,28,0,0,0,0,0,0,0,0,0,0,21,32,46,66,88,100,94,77,67,67,73,72,61,43,0,0,0,0,0,0,0,0,0,0,32,52,74,91,97,93,85,80,83,91,94,87,70,47,0,0
"72",72,"Bedok North Street 1 Blk 216",1.32752189902704,103.931185850918,0,"People typically spend 30 min to 1 hr here",87,0,8,0,0,0,0,0,0,32,62,88,99,98,90,70,42,18,7,4,3,0,0,0,0,0,0,0,0,0,0,0,0,21,42,50,41,37,45,45,30,13,3,1,0,0,0,0,0,0,0,0,0,0,0,0,0,32,60,69,60,59,66,57,32,12,3,1,0,0,0,0,0,0,0,0,0,0,0,0,0,33,58,66,58,58,65,56,33,14,6,3,2,0,0,0,0,0,0,0,0,0,0,0,0,33,63,78,68,59,64,62,42,19,6,2,1,0,0,0,0,0,0,0,0,0,0,0,0,30,56,69,61,54,62,62,40,16,5,2,1,0,0,0,0,0,0,0,0,0,0,0,0,42,79,100,94,82,75,62,39,18,7,3,2,0,0,0,0,0,0
"73",73,"Bedok North Street 3 Blk 511 (Kaki Bukit 511 Market and Food Centre)",1.33325649902282,103.928411950918,0,"People typically spend 25 min to 1 hr here",73,0,19,1,0,0,0,0,0,16,43,75,97,100,86,67,50,42,49,66,84,93,88,71,48,27,11,2,0,0,0,0,0,9,18,24,24,26,35,41,34,24,25,35,48,55,56,49,36,22,10,3,0,0,0,0,0,11,23,33,39,44,47,47,40,31,28,34,48,62,67,62,47,29,14,5,0,0,0,0,0,13,28,39,43,46,50,51,43,33,30,41,58,73,79,72,56,36,18,3,0,0,0,0,0,17,34,44,43,41,46,51,45,33,29,37,53,68,73,67,51,32,15,8,0,0,0,0,0,18,36,45,43,39,41,43,39,30,27,35,51,68,77,74,59,40,21,5,0,0,0,0,0,14,39,66,78,74,66,62,55,42,38,51,72,91,96,86,65,40,19
"74",74,"Bedok North Street 3 Blk 538",1.33188419902384,103.922900550918,0,"People typically spend 20 min to 1 hr here",100,0,8,0,0,0,0,0,0,27,58,87,100,97,86,68,42,21,11,9,9,8,6,3,0,0,0,0,0,0,0,0,0,18,36,46,44,38,37,33,20,7,1,0,0,0,0,1,0,0,0,0,0,0,0,0,0,25,47,58,53,45,45,42,28,13,5,4,6,7,5,2,0,0,0,0,0,0,0,0,0,27,49,59,55,49,49,46,31,13,4,3,4,6,7,6,0,0,0,0,0,0,0,0,0,25,45,56,54,49,50,47,32,14,4,2,3,4,4,2,0,0,0,0,0,0,0,0,0,28,51,62,56,47,44,41,28,13,4,2,3,4,4,2,0,0,0,0,0,0,0,0,0,26,57,81,86,78,71,61,42,22,11,9,9,9,7,4,0,0,0
"75",75,"Redhill Lane Blk 79 (Redhill Market)",1.28784149905608,103.816081050918,0,"People typically spend 20 min to 1 hr here",0,0,14,0,0,0,0,0,0,0,0,0,0,0,0,0,0,100,88,86,86,82,71,55,37,0,0,0,0,0,0,0,0,0,0,0,0,0,0,0,0,57,46,51,62,67,62,49,32,0,0,0,0,0,0,0,0,0,0,0,0,0,0,0,0,65,53,59,71,76,70,55,36,0,0,0,0,0,0,0,0,0,0,0,0,0,0,0,0,80,67,69,77,80,74,59,39,0,0,0,0,0,0,0,0,0,0,0,0,0,0,0,0,72,57,65,79,87,82,66,45,0,0,0,0,0,0,0,0,0,0,0,0,0,0,0,0,72,58,61,72,80,78,66,48,0,0,0,0,0,0,0,0,0,0,0,0,0,0,0,0,96,88,87,87,84,76,62,45,0,0
"76",76,"Bukit Timah Market",1.33940689901832,103.773854950918,0,"People typically spend 20-45 min here",97,0,12,0,0,0,0,0,0,0,48,72,87,94,100,96,80,61,53,59,67,69,60,43,25,11,0,0,0,0,0,0,0,0,27,36,39,39,50,70,65,37,22,27,37,42,39,29,17,7,0,0,0,0,0,0,0,0,34,47,51,54,67,82,72,44,30,37,50,56,51,36,19,7,0,0,0,0,0,0,0,0,35,46,51,55,69,83,74,48,34,41,55,61,54,37,19,6,0,0,0,0,0,0,0,0,38,51,56,59,73,89,79,50,36,44,60,67,60,43,24,9,0,0,0,0,0,0,0,0,44,57,60,60,70,81,73,47,31,35,53,66,63,47,26,10,0,0,0,0,0,0,0,0,52,71,80,85,91,97,88,68,51,53,67,77,71,51,28,11,0
"77",77,"Cambridge Road Blk 41A (Pek Kio Market and Food Centre)",1.3162194990353,103.848027250918,0,"People typically spend 25 min to 1 hr here",83,0,11,0,0,0,0,0,0,24,52,82,99,100,93,81,60,36,20,13,10,8,0,0,0,0,0,0,0,0,0,0,0,20,42,60,61,58,68,74,54,26,12,8,6,5,0,0,0,0,0,0,0,0,0,0,0,20,48,67,65,67,82,83,58,30,15,10,8,7,0,0,0,0,0,0,0,0,0,0,0,22,51,70,68,72,86,83,58,31,15,9,7,5,0,0,0,0,0,0,0,0,0,0,0,29,57,76,72,65,78,88,64,31,15,10,8,6,0,0,0,0,0,0,0,0,0,0,0,24,52,72,70,64,76,81,57,29,15,11,9,8,0,0,0,0,0,0,0,0,0,0,0,26,56,84,95,92,85,75,58,38,22,14,11,9,0,0,0,0,0
"78",78,"Changi Village Blk 2 and 3",1.38975569898145,103.985755950918,0,"People typically spend 30 min to 1 hr here",85,0,19,28,15,6,1,1,10,25,44,62,72,77,79,80,74,64,59,65,75,82,79,66,46,28,13,5,1,0,0,0,0,12,22,27,27,29,42,55,49,32,24,27,34,39,40,36,28,19,11,6,2,0,0,0,0,12,24,30,28,32,52,68,57,35,27,32,40,45,45,40,31,22,13,5,1,0,0,0,0,10,24,34,34,36,53,70,61,39,28,31,38,43,42,37,29,20,12,6,1,0,0,0,0,12,25,31,29,32,52,68,59,38,29,33,42,48,49,44,35,24,14,0,0,0,0,0,0,14,24,31,32,37,50,63,59,43,32,34,44,55,62,62,55,43,29,17,8,2,0,0,5,19,43,62,65,63,66,73,71,61,56,63,77,92,100,97,85,66,46
"79",79,"Chomp Chomp Food Centre",1.36423039900014,103.864217250918,0,"People typically spend 25 min to 1.5 hr here",0,0,19,13,0,0,0,0,0,0,0,0,0,0,0,0,0,0,0,35,74,100,94,80,70,54,31,12,0,0,0,0,0,0,0,0,0,0,0,0,0,0,0,15,27,42,54,58,53,40,25,13,0,0,0,0,0,0,0,0,0,0,0,0,0,0,0,17,31,49,62,67,59,43,26,14,0,0,0,0,0,0,0,0,0,0,0,0,0,0,0,17,32,48,62,68,64,50,31,18,0,0,0,0,0,0,0,0,0,0,0,0,0,0,0,19,43,69,81,80,77,67,43,32,0,0,0,0,0,0,0,0,0,0,0,0,0,0,0,23,50,77,89,89,93,91,67,29,0,0,0,0,0,0,0,0,0,0,0,0,0,0,0,36,67,90,95,92,92,82,57
"80",80,"Ci Yuan Hawker Centre",1.37555229899185,103.880757250918,0,"People typically spend 25 min to 1 hr here",81,0,19,1,0,0,1,1,1,13,37,68,86,85,80,83,78,54,28,27,60,100,95,52,14,0,1,1,1,1,1,1,2,14,32,45,43,36,51,78,69,32,11,18,41,61,60,39,16,2,1,1,0,0,1,1,1,12,33,48,43,35,51,74,64,30,11,19,47,72,68,40,13,1,1,1,0,1,1,1,4,18,38,50,45,38,51,71,63,32,12,20,50,78,77,47,17,2,1,1,0,1,1,1,4,18,39,51,48,42,55,78,76,45,19,21,48,81,87,58,24,4,1,1,1,0,1,1,2,16,37,53,50,41,53,72,63,31,14,24,54,83,83,56,24,5,1,1,1,0,1,1,1,12,35,62,75,69,61,61,59,44,27,27,51,82,88,61,26,5,1
"81",81,"Circuit Road Blk 79/79A",1.32777889902683,103.884751850918,0,"People typically spend 15-45 min here",53,0,8,0,0,0,0,0,6,23,50,80,100,98,77,50,28,0,0,0,0,0,0,0,0,0,0,0,0,0,0,0,4,17,32,41,39,29,28,29,17,0,0,0,0,0,0,0,0,0,0,0,0,0,0,0,4,25,54,68,59,46,45,40,23,0,0,0,0,0,0,0,0,0,0,0,0,0,0,0,5,24,48,62,59,45,38,37,25,0,0,0,0,0,0,0,0,0,0,0,0,0,0,0,1,20,49,69,64,47,42,39,23,0,0,0,0,0,0,0,0,0,0,0,0,0,0,0,4,24,52,68,60,43,36,33,22,0,0,0,0,0,0,0,0,0,0,0,0,0,0,0,10,28,53,77,90,85,67,44,25,0,0,0,0,0,0,0,0,0,0
"82",82,"Circuit Road Blk 80 (80 Circuit Road Market and Food Centre)",1.32777889902683,103.884751850918,0,"People typically spend 15-45 min here",79,0,8,0,0,0,0,0,6,23,50,80,100,98,77,50,28,0,0,0,0,0,0,0,0,0,0,0,0,0,0,0,4,17,32,41,39,29,28,29,17,0,0,0,0,0,0,0,0,0,0,0,0,0,0,0,4,25,54,68,59,46,45,40,23,0,0,0,0,0,0,0,0,0,0,0,0,0,0,0,5,24,48,62,59,45,38,37,25,0,0,0,0,0,0,0,0,0,0,0,0,0,0,0,1,20,49,69,64,47,42,39,23,0,0,0,0,0,0,0,0,0,0,0,0,0,0,0,4,24,52,68,60,43,36,33,22,0,0,0,0,0,0,0,0,0,0,0,0,0,0,0,10,28,53,77,90,85,67,44,25,0,0,0,0,0,0,0,0,0,0
"83",83,"Circuit Road Blk 89",1.32344639903001,103.883208350918,0,"People typically spend 30 min here",30,0,8,0,0,0,0,0,12,35,67,93,100,84,59,35,17,0,0,0,0,0,0,0,0,0,0,0,0,0,0,0,6,24,43,51,44,32,24,17,8,0,0,0,0,0,0,0,0,0,0,0,0,0,0,0,12,37,62,68,54,38,30,23,12,0,0,0,0,0,0,0,0,0,0,0,0,0,0,0,9,32,57,66,55,41,35,27,14,0,0,0,0,0,0,0,0,0,0,0,0,0,0,0,10,33,57,66,55,41,33,25,13,0,0,0,0,0,0,0,0,0,0,0,0,0,0,0,8,32,59,69,58,43,34,22,8,0,0,0,0,0,0,0,0,0,0,0,0,0,0,0,11,34,65,85,85,70,50,33,19,0,0,0,0,0,0,0,0,0,0
"84",84,"Clementi Ave 2 Blk 353 (Clementi Ave 2 Market/Cooked Food Centre)",1.31430459903671,103.768620450918,0,"People typically spend 15-45 min here",0,0,10,0,0,0,0,0,0,14,36,66,91,100,91,75,59,0,0,0,0,0,0,0,0,0,0,0,0,0,0,0,0,0,18,29,36,38,36,33,31,29,26,21,17,0,0,0,0,0,0,0,0,0,0,0,0,0,30,47,56,55,51,47,44,40,35,28,21,0,0,0,0,0,0,0,0,0,0,0,0,0,36,59,73,73,66,61,57,51,43,33,25,0,0,0,0,0,0,0,0,0,0,0,0,0,36,50,57,57,54,52,48,42,33,25,18,0,0,0,0,0,0,0,0,0,0,0,0,0,34,55,63,61,59,60,58,49,37,27,20,0,0,0,0,0,0,0,0,0,0,0,0,0,41,70,88,89,80,71,66,60,52,41,32,0,0,0,0,0,0
"85",85,"Clementi Ave 3 Blk 448",1.31341259903736,103.762363050918,0,"People typically spend 30 min to 1 hr here",63,0,9,0,0,0,0,0,0,0,52,85,100,94,86,81,72,56,44,45,55,60,52,34,0,0,0,0,0,0,0,0,0,0,33,46,48,43,47,59,54,32,17,22,40,53,49,30,0,0,0,0,0,0,0,0,0,0,43,63,62,51,54,64,56,32,20,29,47,58,50,31,0,0,0,0,0,0,0,0,0,0,45,66,67,56,57,68,60,37,26,35,52,59,52,33,0,0,0,0,0,0,0,0,0,0,58,74,66,54,59,68,62,43,29,35,54,68,63,41,0,0,0,0,0,0,0,0,0,0,54,73,65,55,62,70,61,40,27,33,52,66,60,40,0,0,0,0,0,0,0,0,0,0,60,92,98,84,80,82,74,54,41,42,51,54,47,32,0,0,0
"86",86,"Clementi West Street 2 Blk 726",1.3037846990444,103.762072050918,0,"People typically spend 20-45 min here",62,0,9,1,1,1,0,0,11,33,63,89,100,97,89,77,60,41,29,28,34,36,30,19,8,1,1,1,1,1,0,0,9,25,41,47,40,36,48,59,48,25,13,16,25,30,27,18,8,1,1,1,1,1,0,0,13,37,59,65,55,53,64,68,53,30,18,19,25,29,26,18,9,2,1,1,1,1,0,0,12,35,58,65,58,56,66,70,56,34,20,20,28,34,31,21,10,2,1,1,1,1,0,0,12,36,61,70,63,59,68,73,61,38,23,23,31,37,33,22,10,2,1,1,1,1,0,0,13,38,64,72,62,57,65,69,53,32,21,24,31,35,32,23,13,4,1,1,1,1,0,0,14,39,71,94,95,85,77,70,57,38,24,23,31,37,35,25,12,3,1
"87",87,"Commonwealth Crescent Market",1.3069481990421,103.798188950918,0,"People typically spend 20 min to 1 hr here",87,0,12,0,0,0,0,0,0,0,29,56,84,100,98,83,61,42,30,24,22,20,17,14,11,0,0,0,0,0,0,0,0,0,21,31,37,40,47,49,39,24,15,12,12,11,10,9,7,0,0,0,0,0,0,0,0,0,29,49,57,55,63,68,48,24,16,15,15,14,12,10,8,0,0,0,0,0,0,0,0,0,27,45,54,57,69,75,56,30,19,18,18,17,15,13,10,0,0,0,0,0,0,0,0,0,29,46,55,56,66,78,61,30,16,15,15,14,13,10,8,0,0,0,0,0,0,0,0,0,31,49,55,56,64,65,49,28,17,15,16,17,17,15,12,0,0,0,0,0,0,0,0,0,33,62,83,87,84,80,65,44,28,22,22,21,19,16,13,0,0
"88",88,"Commonwealth Drive Blk 1A/2A/3A (Tanglin Halt Food Centre/Commonwealth Drive Food Centre)",1.29973979904737,103.795507850918,0,"People typically spend 20-45 min here",0,0,12,0,0,0,0,0,0,0,0,0,0,0,41,43,40,31,23,19,27,40,34,0,0,0,0,0,0,0,0,0,0,0,0,0,0,0,0,0,0,0,0,0,0,0,0,0,0,0,0,0,0,0,0,0,0,0,0,0,0,0,60,94,73,38,30,36,39,35,25,0,0,0,0,0,0,0,0,0,0,0,0,0,0,0,67,100,81,45,35,41,46,41,30,0,0,0,0,0,0,0,0,0,0,0,0,0,0,0,43,78,71,39,32,41,49,47,35,0,0,0,0,0,0,0,0,0,0,0,0,0,0,0,52,82,63,31,26,33,39,40,34,0,0,0,0,0,0,0,0,0,0,0,0,0,0,0,44,51,46,35,30,35,44,46,36,0,0,0,0
"89",89,"Dunman Food Centre",1.30943289904028,103.899636050918,0,"People typically spend 20 min to 1 hr here",-100,0,12,0,0,0,0,0,0,0,29,44,62,81,97,100,84,61,46,44,49,51,46,36,23,12,4,0,0,0,0,0,0,0,11,18,24,34,51,64,57,39,29,34,44,50,49,41,28,16,7,0,0,0,0,0,0,0,19,25,32,49,73,87,77,52,36,35,43,51,52,46,35,22,12,0,0,0,0,0,0,0,18,24,31,49,74,84,66,39,27,30,37,41,39,32,22,12,5,0,0,0,0,0,0,0,14,24,33,44,63,80,77,55,35,33,43,55,59,53,38,22,10,0,0,0,0,0,0,0,21,31,36,44,61,74,70,51,35,34,43,54,57,50,36,21,9,0,0,0,0,0,0,0,28,47,61,68,74,83,80,63,47,44,54,63,64,55,38,22,10
"90",90,"East Coast Lagoon Food Village",1.30692989904211,103.932765350918,0,"0",0,0,20,0,0,0,0,0,0,0,0,0,0,22,32,38,41,41,44,54,69,81,82,72,52,32,0,5,2,1,0,1,1,0,0,0,0,0,0,0,0,0,0,12,20,32,41,42,34,22,11,0,0,0,0,0,0,0,0,0,0,0,0,0,0,0,0,18,26,38,49,50,40,25,0,0,0,0,0,0,0,0,0,0,0,0,0,0,0,0,0,17,27,42,54,56,44,26,0,0,0,0,0,0,0,0,0,0,0,0,0,0,0,0,0,18,28,44,59,62,50,30,0,0,0,0,0,0,0,0,0,0,0,0,9,12,14,14,15,21,34,52,69,76,70,53,0,0,0,0,0,0,0,0,0,0,0,19,25,29,30,32,38,51,70,88,99,100,89,69,0
"91",91,"Empress Road Blk 7 (Empress Road Market and Food Centre)",1.31626409903527,103.803437150918,0,"People typically spend 15-45 min here",96,0,11,1,1,1,1,1,6,20,42,68,90,99,92,78,65,55,50,45,39,33,26,19,12,7,2,1,1,1,1,0,4,8,14,22,33,45,54,57,51,41,31,24,20,17,14,11,7,4,1,1,1,1,1,1,4,22,57,86,85,76,90,96,69,42,31,27,24,21,17,12,8,4,1,1,1,1,1,2,12,29,50,65,70,74,83,88,75,53,37,29,25,21,17,12,8,5,1,1,1,1,1,3,11,22,37,55,71,81,83,77,66,53,43,34,26,20,15,10,5,2,1,1,1,1,1,3,11,23,39,58,73,82,81,74,62,51,42,34,28,22,16,11,6,3,0,0,1,1,1,1,8,24,52,82,100,99,88,77,69,61,51,41,32,24,18,13,9,5,3
"92",92,"Eunos Crescent Blk 4A",1.32034189903228,103.901843350918,0,"People typically spend 20-45 min here",60,0,8,0,0,0,0,0,0,34,66,91,100,95,86,73,56,43,38,40,42,41,35,25,16,0,0,0,0,0,0,0,0,24,44,50,41,35,44,51,42,27,21,25,30,32,29,22,14,0,0,0,0,0,0,0,0,31,58,69,58,50,57,59,45,29,25,29,34,35,32,24,16,0,0,0,0,0,0,0,0,36,66,76,65,58,64,64,49,32,26,31,38,42,40,33,22,0,0,0,0,0,0,0,0,37,69,80,66,58,68,71,52,33,27,33,39,40,36,28,18,0,0,0,0,0,0,0,0,37,69,82,71,58,60,64,57,43,33,33,38,41,38,30,20,0,0,0,0,0,0,0,0,42,75,98,100,89,80,73,59,43,35,35,37,37,33,26,17,0,0
"93",93,"Geylang Bahru Blk 69 (Blk 69 Geylang Bahru Market and Food Centre)",1.32143999903147,103.867978950918,0,"People typically spend 30 min to 1 hr here",90,0,12,0,0,0,0,0,0,0,40,67,84,90,91,90,80,60,42,42,60,76,70,44,18,2,1,0,0,0,0,0,0,19,39,50,44,44,68,90,73,36,18,26,47,62,60,42,20,5,1,0,0,0,0,0,0,20,40,52,48,45,62,81,71,40,23,32,53,68,64,44,21,5,1,0,0,0,0,0,0,24,48,58,49,46,69,91,76,40,22,32,58,77,73,49,22,5,1,0,0,0,0,0,0,23,47,58,49,47,74,100,83,43,23,33,59,78,76,53,26,7,1,0,0,0,0,0,0,22,45,55,45,43,67,91,77,42,24,33,56,74,72,53,28,9,0,0,0,0,0,0,0,19,42,61,68,68,74,82,76,53,36,40,59,76,74,54,28,9,0
"94",94,"Geylang Serai Market",1.31672839903493,103.896082650918,0,"People typically spend 30 min to 1.5 hr here",100,0,11,0,0,0,0,0,0,28,50,73,89,97,100,98,92,82,70,57,45,32,21,12,5,0,0,0,0,0,0,0,0,2,5,8,11,15,17,19,20,20,18,16,14,10,7,4,0,0,0,0,0,0,0,0,0,10,19,31,44,55,61,59,51,40,31,24,19,14,10,6,0,0,0,1,1,1,0,2,6,12,21,34,48,59,64,60,51,40,31,25,20,16,11,7,4,1,1,0,0,0,0,0,0,13,24,40,56,67,70,65,55,44,36,29,24,19,14,10,0,0,0,0,0,0,0,0,0,16,29,44,58,65,66,60,50,42,34,28,22,17,12,7,0,0,0,0,0,0,0,0,0,27,50,72,86,92,94,93,87,77,66,57,49,41,32,23,15,0,0
"95",95,"Ghim Moh Road Blk 20",1.3111246,103.7882108,0,"0",0,0,-1,-1,-1,-1,-1,-1,-1,-1,-1,-1,-1,-1,-1,-1,-1,-1,-1,-1,-1,-1,-1,-1,-1,-1,-1,-1,-1,-1,-1,-1,-1,-1,-1,-1,-1,-1,-1,-1,-1,-1,-1,-1,-1,-1,-1,-1,-1,-1,-1,-1,-1,-1,-1,-1,-1,-1,-1,-1,-1,-1,-1,-1,-1,-1,-1,-1,-1,-1,-1,-1,-1,-1,-1,-1,-1,-1,-1,-1,-1,-1,-1,-1,-1,-1,-1,-1,-1,-1,-1,-1,-1,-1,-1,-1,-1,-1,-1,-1,-1,-1,-1,-1,-1,-1,-1,-1,-1,-1,-1,-1,-1,-1,-1,-1,-1,-1,-1,-1,-1,-1,-1,-1,-1,-1,-1,-1,-1,-1,-1,-1,-1,-1,-1,-1,-1,-1,-1,-1,-1,-1,-1,-1,-1,-1,-1,-1,-1,-1,-1,-1,-1,-1,-1,-1,-1,-1,-1,-1,-1,-1,-1,-1,-1,-1,-1,-1,-1,-1,-1
"96",96,"Golden Mile Food Centre",1.30309079904492,103.861735850918,0,"People typically spend 30 min to 1 hr here",0,0,13,0,0,0,0,0,0,0,0,0,0,0,70,88,89,79,68,64,66,65,56,41,24,0,0,0,0,0,0,0,0,0,0,0,0,0,53,66,66,54,40,35,37,41,39,29,17,0,0,0,0,0,0,0,0,0,0,0,0,0,61,79,77,60,43,37,42,47,43,32,18,0,0,0,0,0,0,0,0,0,0,0,0,0,0,85,83,64,46,40,44,48,44,33,0,0,0,0,0,0,0,0,0,0,0,0,0,0,67,84,84,69,52,46,49,53,49,37,22,0,0,0,0,0,0,0,0,0,0,0,0,0,0,0,0,0,0,0,0,0,0,0,0,0,0,0,0,0,0,0,0,0,0,0,0,0,78,97,100,89,78,74,77,79,73,58,0,0,0
"97",97,"Haig Road Blk 13/14 (Haig Road Market and Cooked Food Centre)",1.31520149903606,103.893355750918,0,"People typically spend 25 min to 1 hr here",65,0,12,0,0,0,0,0,0,17,44,76,96,100,97,98,96,88,81,83,88,85,71,50,29,0,0,0,0,0,0,0,0,17,31,41,45,49,70,92,79,51,42,48,52,51,43,32,20,0,0,0,0,0,0,0,0,18,38,53,55,56,71,84,71,48,41,47,53,52,45,33,21,0,0,0,0,0,0,0,0,18,39,54,56,55,70,87,79,54,42,46,52,52,45,33,20,0,0,0,0,0,0,0,0,16,38,57,60,58,74,96,88,60,47,52,60,61,54,42,28,0,0,0,0,0,0,0,0,19,41,58,59,57,70,86,79,58,47,50,56,57,51,40,27,0,0,0,0,0,0,0,0,20,44,69,82,85,87,92,91,81,69,66,70,72,67,54,37,0,0
"98",98,"Havelock Road Blk 22A/B (Havelock Road Cooked Food Centre)",1.28776829905614,103.827342750918,0,"People typically spend 30 min here",37,0,11,0,0,0,0,0,0,0,11,23,37,47,46,36,25,18,16,16,17,18,18,16,14,0,0,0,0,0,0,0,0,0,13,27,47,67,79,75,59,40,27,21,19,19,19,17,14,0,0,0,0,0,0,0,0,0,26,45,65,85,97,93,74,48,29,21,20,20,19,18,15,0,0,0,0,0,0,0,0,0,23,40,62,86,98,91,68,43,27,20,20,22,22,21,17,0,0,0,0,0,0,0,0,0,21,38,62,86,100,95,75,51,31,23,24,30,33,29,20,0,0,0,0,0,0,0,0,0,23,41,63,83,94,92,76,53,33,22,20,26,31,31,23,0,0,0,0,0,0,0,0,0,26,49,66,71,74,79,74,54,32,20,19,21,23,22,20,0,0
"99",99,"Holland Drive Blk 44 (Holland Drive Market and Food Centre)",1.3081669990412,103.790605150918,0,"People typically spend 25 min to 1 hr here",80,0,12,0,0,0,0,0,0,20,45,72,86,85,77,65,48,30,19,13,11,10,8,5,3,0,0,0,0,0,0,0,0,15,38,53,45,38,60,78,55,23,9,6,4,3,1,0,1,0,0,0,0,0,0,0,0,21,47,63,57,56,77,84,56,24,10,6,5,3,2,0,1,0,0,0,0,0,0,0,0,25,53,69,62,62,81,86,60,28,11,6,4,3,1,0,1,0,0,0,0,0,0,0,0,27,55,75,73,64,81,100,67,26,12,9,8,6,4,2,1,0,0,0,0,0,0,0,0,25,54,72,66,63,79,83,55,25,12,9,8,6,5,3,2,0,0,0,0,0,0,0,0,24,51,76,84,80,79,75,55,30,17,13,10,8,6,3,1,0,0
"100",100,"Holland Village Market and Food Centre",1.31121339903897,103.792842150918,0,"People typically spend 25 min to 1 hr here",83,0,12,0,0,0,0,0,0,7,16,30,50,70,84,85,74,58,48,50,60,67,63,48,29,12,3,0,0,0,0,0,0,5,17,29,34,37,56,82,73,41,30,37,47,53,51,43,31,18,8,0,0,0,0,0,0,15,30,42,45,49,69,92,83,50,34,40,56,67,67,56,39,22,9,0,0,0,0,0,0,17,29,38,42,47,61,76,76,57,38,35,49,66,71,60,39,19,5,0,0,0,0,0,0,11,26,38,42,48,74,100,84,48,35,44,58,67,66,56,40,24,11,0,0,0,0,0,0,12,30,45,47,50,75,98,85,50,31,38,58,76,83,75,56,34,16,0,0,0,0,0,0,11,23,41,64,86,99,98,82,60,43,40,51,68,74,61,38,17,4
"101",101,"Hougang Ave 1 Blk 105 (Hougang 105 Hainanese Village Centre)",1.35404009900761,103.887774150918,0,"People typically spend 30 min to 1 hr here",100,0,8,0,0,0,0,0,0,32,66,93,100,92,81,66,45,27,16,12,10,0,0,0,0,0,0,0,0,0,0,0,0,11,21,28,30,27,33,42,31,13,6,5,4,0,0,0,0,0,0,0,0,0,0,0,0,21,47,64,56,43,48,53,37,17,9,7,6,0,0,0,0,0,0,0,0,0,0,0,0,21,43,59,58,49,54,62,43,18,9,8,7,0,0,0,0,0,0,0,0,0,0,0,0,25,49,64,60,51,58,64,44,20,10,9,9,0,0,0,0,0,0,0,0,0,0,0,0,24,50,67,61,48,53,58,39,18,10,8,7,0,0,0,0,0,0,0,0,0,0,0,0,35,67,90,92,83,74,62,44,27,16,11,9,0,0,0,0,0,0
"102",102,"Hougang Street 21 Blk 209 (Kovan Hougang Market and Food Centre)",1.35918935,103.88593935,0,"0",0,0,-1,-1,-1,-1,-1,-1,-1,-1,-1,-1,-1,-1,-1,-1,-1,-1,-1,-1,-1,-1,-1,-1,-1,-1,-1,-1,-1,-1,-1,-1,-1,-1,-1,-1,-1,-1,-1,-1,-1,-1,-1,-1,-1,-1,-1,-1,-1,-1,-1,-1,-1,-1,-1,-1,-1,-1,-1,-1,-1,-1,-1,-1,-1,-1,-1,-1,-1,-1,-1,-1,-1,-1,-1,-1,-1,-1,-1,-1,-1,-1,-1,-1,-1,-1,-1,-1,-1,-1,-1,-1,-1,-1,-1,-1,-1,-1,-1,-1,-1,-1,-1,-1,-1,-1,-1,-1,-1,-1,-1,-1,-1,-1,-1,-1,-1,-1,-1,-1,-1,-1,-1,-1,-1,-1,-1,-1,-1,-1,-1,-1,-1,-1,-1,-1,-1,-1,-1,-1,-1,-1,-1,-1,-1,-1,-1,-1,-1,-1,-1,-1,-1,-1,-1,-1,-1,-1,-1,-1,-1,-1,-1,-1,-1,-1,-1,-1,-1,-1,-1
"103",103,"Jalan Batu Blk 4A (Blk 4A Jalan Batu Hawker Centre/Market)",1.30217059904559,103.881689350918,0,"People typically spend 25 min to 1 hr here",53,0,12,0,0,0,0,0,0,0,39,67,79,77,74,70,60,46,37,32,29,25,21,16,11,0,0,0,0,0,0,0,0,0,36,51,51,50,72,86,59,32,23,20,18,15,11,8,5,0,0,0,0,0,0,0,0,0,34,58,62,57,73,83,60,34,24,22,19,17,14,10,7,0,0,0,0,0,0,0,0,0,34,60,64,63,87,99,72,42,31,28,25,22,18,14,10,0,0,0,0,0,0,0,0,0,42,68,70,65,85,100,75,43,31,28,26,23,19,15,11,0,0,0,0,0,0,0,0,0,47,69,63,55,76,89,64,37,28,26,24,20,17,13,9,0,0,0,0,0,0,0,0,0,42,80,93,80,79,84,66,44,34,31,28,25,21,17,12,0,0
"104",104,"Jalan Bukit Merah Blk 112 (Blk 112 Jalan Bukit Merah Market and Food Centre)",1.28005859906179,103.823789050918,0,"People typically spend 25 min here",98,0,9,0,0,0,0,0,4,24,55,86,100,88,60,33,15,8,5,5,4,3,1,1,1,0,0,0,0,0,0,0,6,18,28,28,23,19,18,14,6,1,0,0,0,1,1,1,1,0,0,0,0,0,0,0,12,29,46,56,56,48,37,24,14,6,3,1,1,1,0,1,1,0,0,0,0,0,0,0,8,25,43,54,54,44,36,30,19,7,1,1,0,1,1,1,1,0,0,0,0,0,0,0,8,25,41,51,52,48,39,27,17,9,4,2,1,0,1,1,1,0,0,0,0,0,0,0,5,26,46,52,48,43,36,26,15,8,4,2,1,0,1,1,1,0,0,0,0,0,0,0,5,29,60,84,88,74,51,31,16,7,4,3,3,2,1,1,1,0,0
"105",105,"Jalan Bukit Merah Blk 6 (ABC Brickworks Market/Food Centre)",1.28690469905677,103.805961050918,0,"People typically spend 25 min to 1 hr here",36,0,12,0,0,0,0,0,0,0,0,30,45,58,65,63,53,41,34,38,50,57,51,34,16,4,1,0,0,0,0,0,0,0,0,35,38,38,56,89,70,32,26,33,39,40,36,27,17,8,0,0,0,0,0,0,0,0,0,37,41,43,59,88,73,37,29,36,43,45,40,30,18,8,0,0,0,0,0,0,0,0,0,38,42,45,67,100,80,39,30,38,46,48,44,33,21,10,0,0,0,0,0,0,0,0,0,42,45,46,65,98,79,38,29,38,46,49,45,35,23,12,0,0,0,0,0,0,0,0,0,41,42,43,62,87,73,39,29,37,47,52,49,40,27,15,0,0,0,0,0,0,0,0,0,35,48,61,69,68,58,47,41,44,54,61,59,45,26,10,0
"106",106,"Jalan Kukoh Blk 1 (Kukoh 21 Food Centre)",1.28825379905578,103.837691350918,0,"People typically spend 15-45 min here",0,0,-1,-1,-1,-1,-1,-1,-1,-1,-1,-1,-1,-1,-1,-1,-1,-1,-1,-1,-1,-1,-1,-1,-1,-1,-1,-1,-1,-1,-1,-1,-1,-1,-1,-1,-1,-1,-1,-1,-1,-1,-1,-1,-1,-1,-1,-1,-1,-1,-1,-1,-1,-1,-1,-1,-1,-1,-1,-1,-1,-1,-1,-1,-1,-1,-1,-1,-1,-1,-1,-1,-1,-1,-1,-1,-1,-1,-1,-1,-1,-1,-1,-1,-1,-1,-1,-1,-1,-1,-1,-1,-1,-1,-1,-1,-1,-1,-1,-1,-1,-1,-1,-1,-1,-1,-1,-1,-1,-1,-1,-1,-1,-1,-1,-1,-1,-1,-1,-1,-1,-1,-1,-1,-1,-1,-1,-1,-1,-1,-1,-1,-1,-1,-1,-1,-1,-1,-1,-1,-1,-1,-1,-1,-1,-1,-1,-1,-1,-1,-1,-1,-1,-1,-1,-1,-1,-1,-1,-1,-1,-1,-1,-1,-1,-1,-1,-1,-1,-1,-1
"107",107,"Jurong East Ave 1 Blk 347 (Yuhua Market and Hawker Centre)",1.34499849901423,103.728838650918,0,"People typically spend 30 min to 1 hr here",100,0,9,0,0,0,0,0,0,23,57,90,100,91,84,74,53,27,12,9,11,12,10,5,0,0,0,0,0,0,0,0,0,26,43,46,38,35,45,47,32,14,5,5,7,8,6,3,0,0,0,0,0,0,0,0,0,25,49,56,45,42,54,56,38,16,6,5,6,6,4,2,0,0,0,0,0,0,0,0,0,25,49,61,54,48,53,53,39,20,8,6,9,12,12,7,0,0,0,0,0,0,0,0,0,29,54,62,51,49,62,63,42,17,6,6,11,14,12,6,0,0,0,0,0,0,0,0,0,24,50,63,53,46,59,66,46,20,7,6,10,12,10,7,0,0,0,0,0,0,0,0,0,28,55,74,75,70,68,63,46,25,12,10,11,12,11,7,0,0,0
"108",108,"Jurong East Street 24 Blk 254 (Yuhua Village Market and Food Centre)",1.34370649901517,103.735606550918,0,"0",0,0,-1,-1,-1,-1,-1,-1,-1,-1,-1,-1,-1,-1,-1,-1,-1,-1,-1,-1,-1,-1,-1,-1,-1,-1,-1,-1,-1,-1,-1,-1,-1,-1,-1,-1,-1,-1,-1,-1,-1,-1,-1,-1,-1,-1,-1,-1,-1,-1,-1,-1,-1,-1,-1,-1,-1,-1,-1,-1,-1,-1,-1,-1,-1,-1,-1,-1,-1,-1,-1,-1,-1,-1,-1,-1,-1,-1,-1,-1,-1,-1,-1,-1,-1,-1,-1,-1,-1,-1,-1,-1,-1,-1,-1,-1,-1,-1,-1,-1,-1,-1,-1,-1,-1,-1,-1,-1,-1,-1,-1,-1,-1,-1,-1,-1,-1,-1,-1,-1,-1,-1,-1,-1,-1,-1,-1,-1,-1,-1,-1,-1,-1,-1,-1,-1,-1,-1,-1,-1,-1,-1,-1,-1,-1,-1,-1,-1,-1,-1,-1,-1,-1,-1,-1,-1,-1,-1,-1,-1,-1,-1,-1,-1,-1,-1,-1,-1,-1,-1,-1
"109",109,"Jurong West Street 52 Blk 505",1.34986569901066,103.715971350918,0,"People typically spend 25 min to 1 hr here",68,0,10,0,0,0,0,0,0,32,61,86,98,100,91,71,45,26,20,24,30,31,26,16,0,0,0,0,0,0,0,0,0,15,26,34,35,34,35,34,27,17,11,14,23,29,26,15,0,0,0,0,0,0,0,0,0,20,38,50,53,49,47,41,29,16,10,16,26,32,28,17,0,0,0,0,0,0,0,0,0,21,39,51,52,50,50,46,35,21,12,14,24,33,29,16,0,0,0,0,0,0,0,0,0,22,40,51,52,50,49,44,33,19,12,16,27,35,30,17,0,0,0,0,0,0,0,0,0,24,40,52,58,55,49,40,29,20,13,15,25,35,33,19,0,0,0,0,0,0,0,0,0,32,57,78,85,81,71,59,42,25,17,20,29,33,29,18,0,0,0
"110",110,"Kallang Estate Fresh Market and Food Centre",1.30743159904173,103.881943250918,0,"People typically spend 15-45 min here",100,0,8,0,0,0,0,0,0,34,61,86,100,94,74,50,33,25,24,26,26,24,19,13,7,0,0,0,0,0,0,0,0,25,40,51,52,47,38,28,20,15,13,12,13,12,11,9,6,0,0,0,0,0,0,0,0,41,63,75,72,61,48,36,24,16,11,11,11,10,9,6,3,0,0,0,0,0,0,0,0,34,58,74,75,65,53,41,31,22,18,17,17,17,15,11,7,0,0,0,0,0,0,0,0,40,67,81,77,63,51,39,26,16,12,14,17,19,18,14,9,0,0,0,0,0,0,0,0,36,64,78,70,54,43,35,25,16,10,10,13,16,16,13,8,0,0,0,0,0,0,0,0,37,63,86,96,89,72,53,37,26,21,20,22,22,19,14,8,0,0
"111",111,"Kampung Admiralty Hawker Centre",1.43967589894489,103.798486050918,0,"0",100,0,11,0,0,0,0,0,0,0,35,61,81,89,95,100,89,67,52,56,69,77,71,54,33,0,0,0,0,0,0,0,0,0,29,51,71,82,84,79,69,58,53,53,55,54,47,36,24,0,0,0,0,0,0,0,0,0,28,49,70,84,87,79,66,54,49,48,50,49,44,35,23,0,0,0,0,0,0,0,0,0,35,59,74,79,87,92,80,58,46,50,60,65,61,48,31,0,0,0,0,0,0,0,0,0,30,48,68,86,96,93,79,61,50,50,60,69,67,51,30,0,0,0,0,0,0,0,0,0,36,62,79,83,85,87,79,63,52,53,62,69,65,52,34,0,0,0,0,0,0,0,0,0,33,64,86,88,83,81,76,61,51,54,65,73,71,58,39,0,0
"112",112,"Marine Parade Central Blk 84 (84 Marine Parade Central Market and Food Centre)",1.30237919904543,103.904116950918,0,"People typically spend 45 min here",56,0,12,0,0,0,0,0,0,0,31,63,87,93,94,100,96,76,57,52,56,57,48,32,17,0,0,0,0,0,0,0,0,0,24,38,43,43,52,66,62,40,25,26,33,36,31,21,11,0,0,0,0,0,0,0,0,0,24,40,49,51,56,64,61,44,28,26,32,36,33,24,13,0,0,0,0,0,0,0,0,0,27,42,50,54,61,68,65,50,37,35,41,43,35,22,10,0,0,0,0,0,0,0,0,0,28,41,48,51,59,69,66,48,32,33,43,50,46,32,17,0,0,0,0,0,0,0,0,0,33,46,50,51,59,69,66,47,32,30,38,45,43,32,19,0,0,0,0,0,0,0,0,0,32,60,78,79,78,85,84,67,47,44,55,66,61,43,22,0,0
"113",113,"Marine Terrace Blk 50A (50A Marine Terrace)",1.30577139904295,103.913539750918,0,"People typically spend 20-45 min here",89,0,8,0,0,0,0,0,0,29,59,88,100,90,71,54,41,33,28,25,22,18,15,0,0,0,0,0,0,0,0,0,0,0,0,0,23,28,29,25,20,14,12,11,11,11,9,0,0,0,0,0,0,0,0,0,0,22,47,65,65,57,49,40,30,22,18,15,13,11,9,0,0,0,0,0,0,0,0,0,0,26,50,67,68,60,55,50,38,26,20,17,16,14,11,0,0,0,0,0,0,0,0,0,0,26,52,70,69,59,51,45,34,23,17,15,13,11,9,0,0,0,0,0,0,0,0,0,0,30,60,78,72,56,51,47,36,24,18,15,14,12,9,0,0,0,0,0,0,0,0,0,0,39,69,91,96,85,68,51,37,28,23,20,18,15,12,0,0,0,0
